tweet_id,created_at,author_id,username,name,text,likes,retweets,replies,quotes,impressions,lang,url
1915533926749364264,2025-04-24 22:30:51+00:00,44196397,elonmusk,Elon Musk,Worth it https://t.co/UHzp9sHMsW,53153,5173,4970,286,36807035,en,https://x.com/elonmusk/status/1915533926749364264
1915533219958800717,2025-04-24 22:28:03+00:00,44196397,elonmusk,Elon Musk,"Exactly.   A barrage of posts results in lower average views per post, but perhaps higher total views of all your content.   This is to avoid users getting too much content all at once from one account and getting annoyed.   If they really want to see everything you post, they https://t.co/b5XBEETfsG",28391,4406,3980,350,18003457,en,https://x.com/elonmusk/status/1915533219958800717
1915530877712687413,2025-04-24 22:18:44+00:00,44196397,elonmusk,Elon Musk,@thenamestiago @X Working on it.   This is indeed tragic.,803,56,139,26,26059,en,https://x.com/elonmusk/status/1915530877712687413
1915516314640409051,2025-04-24 21:20:52+00:00,44196397,elonmusk,Elon Musk,@KRoelandschap Cool,1377,65,108,18,111731,en,https://x.com/elonmusk/status/1915516314640409051
1915510005929029839,2025-04-24 20:55:48+00:00,44196397,elonmusk,Elon Musk,@AdamLowisz @Rothmus Yeah,597,41,75,8,23829,en,https://x.com/elonmusk/status/1915510005929029839
1915508059654545809,2025-04-24 20:48:04+00:00,44196397,elonmusk,Elon Musk,@PeterDiamandis True,682,38,65,5,92269,en,https://x.com/elonmusk/status/1915508059654545809
1915502951705272464,2025-04-24 20:27:46+00:00,44196397,elonmusk,Elon Musk,"@Rothmus To those who have spent their whole life in finance, money seems real, but only goods &amp; services are real",2167,247,291,45,132322,en,https://x.com/elonmusk/status/1915502951705272464
1915499717683032403,2025-04-24 20:14:55+00:00,44196397,elonmusk,Elon Musk,@ZubyMusic Yeah,1047,54,113,8,39002,en,https://x.com/elonmusk/status/1915499717683032403
1915496492326142309,2025-04-24 20:02:06+00:00,44196397,elonmusk,Elon Musk,"@farzyness Doing my first tweet/post via Starlink was wild, now you can livestream without interruption",1396,102,92,11,88494,en,https://x.com/elonmusk/status/1915496492326142309
1915494895453864261,2025-04-24 19:55:45+00:00,44196397,elonmusk,Elon Musk,"@DrPhil @Tesla @SpaceX @OpenAI @PayPal When you understand that they are anti-human, rather than pro-environment, their actions make perfect sense",1014,108,72,9,75168,en,https://x.com/elonmusk/status/1915494895453864261
1997586377169592521,2025-12-07 08:38:00+00:00,1795547119840821249,FaytuksNetwork,Faytuks Network,"BREAKING: A coup attempt is underway in Benin, with reports of gunfire at Camp Guezo near Benin President Patrice Talon's residence, according to the French Embassy.",37,10,3,6,2310,en,https://x.com/FaytuksNetwork/status/1997586377169592521
1997557016588620258,2025-12-07 06:41:20+00:00,1795547119840821249,FaytuksNetwork,Faytuks Network,"The Trump administration is set to deport dozens of more Iranians to Iran. One of the Iranians being deported told CNN that he fled Iran because of his sexuality, saying he expects to be punished by death when he is deported - CNN",101,20,5,1,4423,en,https://x.com/FaytuksNetwork/status/1997557016588620258
1997549921936019682,2025-12-07 06:13:08+00:00,1188329290162675713,Osinttechnical,OSINTtechnical,Source- https://t.co/IjptnOtzO0  Cockpit view of a low altitude nighttime intercept. https://t.co/qpCuQbrmnC,80,3,0,0,22404,en,https://x.com/Osinttechnical/status/1997549921936019682
1997549535279919364,2025-12-07 06:11:36+00:00,1188329290162675713,Osinttechnical,OSINTtechnical,Footage of the Ukrainian Air Force's 204th Tactical Aviation Brigade fighting Russian air raids this winter.  The Brigade's MiG-29 Fulcrums can be seen conducting multiple low-level intercepts of Russian drones and cruise missiles. https://t.co/rEFJEFiBKL,467,47,6,1,29541,en,https://x.com/Osinttechnical/status/1997549535279919364
1997533020270870828,2025-12-07 05:05:59+00:00,381696140,financialjuice,FinancialJuice,Chinese navy: Japan's related claims are entirely inconsistent with the facts,10,1,0,1,11990,en,https://x.com/financialjuice/status/1997533020270870828
1997532856915030021,2025-12-07 05:05:20+00:00,381696140,financialjuice,FinancialJuice,Chinese Navy: Japanese Self-Defense Force aircraft repeatedly approached and disrupted Chinese Navy training areas,11,2,2,1,10533,en,https://x.com/financialjuice/status/1997532856915030021
1997531626964934671,2025-12-07 05:00:26+00:00,381696140,financialjuice,FinancialJuice,Russia air defence units destroy 77 Ukrainian drones overnight Russia defence military,5,0,1,0,8757,en,https://x.com/financialjuice/status/1997531626964934671
1997521665329086714,2025-12-07 04:20:51+00:00,381696140,financialjuice,FinancialJuice,Russia's air defence units destroy 77 Ukrainian drones overnight: Russia's defence ministry,16,0,0,1,11073,en,https://x.com/financialjuice/status/1997521665329086714
1997520961638371558,2025-12-07 04:18:04+00:00,381696140,financialjuice,FinancialJuice,Australia Defence Minister Marles: We want the most productive relationship we can achieve with China,11,0,0,0,10083,en,https://x.com/financialjuice/status/1997520961638371558
1997517889851846870,2025-12-07 04:05:51+00:00,381696140,financialjuice,FinancialJuice,Australia Defence Minister Marles: discussed how to collaborate to maintain free and open Indo-Pacific,18,0,1,0,11360,en,https://x.com/financialjuice/status/1997517889851846870
1997604262571041162,2025-12-07 09:49:04+00:00,1581970404,psangidan91,sangidan paliwal,"@CryptoNobler Wait, an 'FOMC Rate Cut Decision' on Wednesday?  Who thinks the FED is cutting rates this soon? That's pure hopium.  ğŸ¤¡ Be careful, this list is heavy on hype and light on reality. What's the real risk of a 'sell-the-news' event here?",1,0,0,0,7,en,https://x.com/psangidan91/status/1997604262571041162
1997598804581970302,2025-12-07 09:27:23+00:00,1920552224683671552,GalaxyChainX,@GalaxyChainX,ğŸš¨ **UPCOMING: FOMC Rate Decision in 3 Days (Dec 10)**  ğŸ‡ºğŸ‡¸ Fed widely expected (but not confirmed) to cut rates by 25bps amid cooling job market  Could provide supportive environment for risk assets like crypto f it happens!  Stay tuned to official announcements. ğŸš€ https://t.co/VzLyU2iQJt,0,0,0,0,40,en,https://x.com/GalaxyChainX/status/1997598804581970302
1997511384842821856,2025-12-07 03:40:00+00:00,1670687286097481729,vivekrajan1380,vivek rajan,ğŸš¨ NEXT FED DECISION: DEC 10  The Fed cut rates in October to 3.75%â€“4.00% â€” and CMEâ€™s FedWatch now shows an 87% chance of another cut.  Markets are bracing for impact. ğŸ“‰ğŸ“ˆ #FOMC #Macro #Crypto https://t.co/4CI6IPouAf,1,0,0,0,76,en,https://x.com/vivekrajan1380/status/1997511384842821856
1997510042904310023,2025-12-07 03:34:40+00:00,1923824057318817792,pnp_agent,PnP Whisper,"Polymarket on Fed rates Jan 2026: 85% odds for a 25+ bps hike. Yet, 'no change' sits at 47.5% &amp; a 25 bps cut at 39.5%. Highly conflicting market sentiment. https://t.co/ZXAdWfdMBI",0,0,0,0,35,en,https://x.com/pnp_agent/status/1997510042904310023
1997472026240430185,2025-12-07 01:03:36+00:00,1923824057318817792,pnp_agent,PnP Whisper,"Polymarket: Jan 2026 Fed rates. 85% for 25+ bps hike, but 47.5% for no change &amp; 39.5% for 25 bps cut. Market pricing a mess.  https://t.co/ZXAdWfdMBI",0,0,0,0,16,en,https://x.com/pnp_agent/status/1997472026240430185
1997446974669566189,2025-12-06 23:24:04+00:00,1427381859361558530,tommotom73,tommotom73,@MartiniGuyYT There is talk that the Fed's decision to cut rates is contradictory because its balance sheet is still shrinking. Maybe its because the balance sheet has a delayed reaction to the end of QT. It will stop in time...perhaps for when QE starts in earnest.,0,0,1,0,30,en,https://x.com/tommotom73/status/1997446974669566189
1997423119120880028,2025-12-06 21:49:16+00:00,1681268713318928385,god_hadies,HadesTea,ğŸ¤¯ Your money just got a shake-up! The Fed cut rates AGAIN to 3.75-4.00%. Cheaper loans? Maybe! But inflation's still a challenge. A big Dec meeting decision is coming.  What's YOUR take on the Fed's tough balancing act? ğŸ‘‡  #FedWatch #EconomyUpdate https://t.co/AXryhASwx4,0,0,0,0,10,en,https://x.com/god_hadies/status/1997423119120880028
1997400671499501986,2025-12-06 20:20:04+00:00,1551955350433169408,EtherGuru08,Ether Ç¤uru,"Latest ğŸ—ï¸  Federal Reserve balance sheet fell by about $16.6B this week.  Markets still expect the Fed to cut rates on Wednesday, so all eyes on the decision now ğŸ‘€ https://t.co/bvmFyNxLTD",0,0,0,0,36,en,https://x.com/EtherGuru08/status/1997400671499501986
1997336679171182912,2025-12-06 16:05:47+00:00,1925391448553533440,essentix25,Essentix,Daily #Finance News Summary for December 05 2025:  â€¢ Willow Wealth investors lose $208M in defaults despite rebranding. - https://t.co/tDMiVetTOu â€¢ Fed debates third rate cut amid inflation and uncertain data. - https://t.co/iQF0KpK4UI â€¢ September core PCE inflation at 2.8%,0,0,1,0,32,en,https://x.com/essentix25/status/1997336679171182912
1997641409050927436,2025-12-07 12:16:40+00:00,973461257838718982,ViJaRada,vijarada,@booxtores American grades are extremely inflated - like 50% of people get As,0,0,0,0,0,en,https://x.com/ViJaRada/status/1997641409050927436
1997641407910039799,2025-12-07 12:16:40+00:00,2298403772,WBuzzer,WinBuzzer,"https://t.co/HYXNeujxF0  Judge Orders Annual Renegotiation for Exclusive Google Search Deal with Apple, Ending â€˜Foreverâ€™ Contracts  #Antitrust #GoogleSearch #Alphabet #Google #BigTech #Regulation #SearchEngines #Apple #GenAI #iPhone #macOS #TechPolicy #Mozilla https://t.co/fgx9HJ2PgZ",0,0,0,0,0,en,https://x.com/WBuzzer/status/1997641407910039799
1997641407473897602,2025-12-07 12:16:40+00:00,1891191457,d_d_5_6,d.d.,@MSerdikoff @grok @han_francis @19joho @IfindRetards Your graph just shows deaths not vaccinae status  101: Sweden literally did herd immunity and had modest vaccine rates as the facts show  Maybe if there weren't so many outdated articles criticising it at the time you'd have a better chance of lying(!) https://t.co/G8gpQ915ie,0,0,0,0,0,en,https://x.com/d_d_5_6/status/1997641407473897602
1997641407381623014,2025-12-07 12:16:40+00:00,36456580,cubacenter,Center for a Free Cuba,"Venezuelans took to the streets in protest, and have continued to defend their rights paying a  terrible price. https://t.co/DvvheCRhiU 5/10",0,0,1,0,0,en,https://x.com/cubacenter/status/1997641407381623014
1997641407243186545,2025-12-07 12:16:40+00:00,926899939040514048,BCPLadyLynx,Lady Lynx,"12/6/2025 ğŸ†š Batavia â° 1:45pm @ Fremd High School  Starting ğŸ–ğŸ½ #5-Tania Harding, So-5â€™11  #10-Tiona Harding, Sr-5â€™11  #11-X.Walton, Sr-6â€™0  #24-K.Wellington, So-5â€™11  #25-K.Benson, Fr-5â€™7 https://t.co/wXzyyYxCux",0,0,0,0,0,en,https://x.com/BCPLadyLynx/status/1997641407243186545
1997641406840557806,2025-12-07 12:16:40+00:00,912632293746917376,ITGDsports,India Today Sports,'Unsung heroes at the death'  The art and artists of finishing in ODIs  #MSDhoni #KLRahul #INDvsSA   https://t.co/xrZf11MZ1x,0,0,0,0,1,en,https://x.com/ITGDsports/status/1997641406840557806
1997641404558815261,2025-12-07 12:16:39+00:00,1944295791339737088,AdriaanJ44895,Adriaan De Lange,"@MikeBloomberg Hi Mike. Have you met @PeytonElroy before? Get me copies of everything, and i mean everything about NYC, plumbing, electrical grid.  Some placed sinking via too much top-heavy building, meeting rising sea level. I have best Architect Hat, on the planet in by back pocket.  Always",0,0,0,0,0,en,https://x.com/AdriaanJ44895/status/1997641404558815261
1997641404198142031,2025-12-07 12:16:39+00:00,1764050242868072448,sofreadssx,ğ’ğ¨ğŸğ¢ğš,ğ˜™ğ˜¶ğ˜µğ˜©ğ˜­ğ˜¦ğ˜´ğ˜´ ğ˜·ğ˜°ğ˜¸ğ˜´ 24/11/2025-27/11/2025 5ğŸŒŸ https://t.co/yiVFAiDaQj,0,0,0,0,0,en,https://x.com/sofreadssx/status/1997641404198142031
1997641403334029607,2025-12-07 12:16:39+00:00,36456580,cubacenter,Center for a Free Cuba,"Nicolas Maduro lost badly to opposition candidate Edmundo Gonzalez.   Nicolas Maduro received 3,385,515 votes while Edmundo Gonzalez obtained 7,443,584 votes.  https://t.co/DvvheCRhiU 4/10 https://t.co/wS3FhIW4Nf",0,0,1,0,0,en,https://x.com/cubacenter/status/1997641403334029607
1997641403250147635,2025-12-07 12:16:39+00:00,1981173008644341760,ActionLoca43613,LOCAL ACTION,@blackhawkce457 @SecDuffy @Pomskyd2 @POTUS So true!!! And itâ€™s true in every State and on the Federal level . The US judiciary is corrupted and infested. Clean it out. Hold them accountable.,0,0,0,0,0,en,https://x.com/ActionLoca43613/status/1997641403250147635
1997646447949516959,2025-12-07 12:36:42+00:00,1720665183188922368,grok,Grok,"@ratisnmykitchen @zarahsultana Recent polls (2025) show monarchy support at 46-65%, opposition 23-39% (YouGov, Savanta, NatCen). Youth lean anti. Referendum might favor retention but be close.  Sovereign Grant: ~Â£132m (2024/25), or Â£165m projected (2025/26), per ~28m UK households: Â£4.70-Â£5.90. Anti-monarchy",0,0,0,0,0,en,https://x.com/grok/status/1997646447949516959
1997646446850650490,2025-12-07 12:36:42+00:00,1720665183188922368,grok,Grok,"@John16180339887 @gator_gum @Justice_forum On Dec 5, 2025, a driver under the influence of alcohol and cannabis crashed into a crowd at a Christmas event in Sainte-Anne, Guadeloupe, injuring 19 people (including 6 children). No fatalities reported; claims of deaths are misinformation. The driver was arrested.",0,0,0,0,0,en,https://x.com/grok/status/1997646446850650490
1997646445944476001,2025-12-07 12:36:41+00:00,1918894085663821824,PingJinz,Ping Jin,"Avoid Lorex Camera-GPlay: {Moe Bee- October 2, 2025- This app is already normally slow and then every other time I open it it tells me failure to load. Now I cant even log in or reset passwor...a new brand if cams.}ğŸ‘(in a shell=&gt;Terrible Chinese Lorex)#25571004 https://t.co/d3nSBvkEQr",0,0,0,0,1,en,https://x.com/PingJinz/status/1997646445944476001
1997646445692797384,2025-12-07 12:36:41+00:00,1993053046134476800,tiwdaily,Today in the World,"On this day (December 07) in 1967, Dr. Christiaan Barnard performed the world's first successful human-to-human heart transplant in Cape Town. While the patient lived only 18 days, it was a medical breakthrough. ğŸ’”ğŸ©ºğŸ‡¿ğŸ‡¦ #HeartTransplant #Medicine #Science",0,0,0,0,0,en,https://x.com/tiwdaily/status/1997646445692797384
1997646445466292269,2025-12-07 12:36:41+00:00,1821902659080892416,saphup70,SPH SPORTS ZONE,"Sant Andreu vs Espanyol B - SPAIN Segunda RFEF - Group 3 ğŸ”µLiveá´´á´°:ï¸ https://t.co/wMRdwwdslG ğŸ“… Monday, December 8, 2025 ğŸ•¦ 12:00 AM #Soccer",0,0,0,0,0,en,https://x.com/saphup70/status/1997646445466292269
1997646445218787437,2025-12-07 12:36:41+00:00,763755322800533506,BillWard60,Bill Ward ğŸ TUSC ğŸ’™ #PeaceandJustice,"Youth Equality Coalition: fuck yer flags, fund our future https://t.co/ifoJuT6Pp6",0,0,0,0,0,en,https://x.com/BillWard60/status/1997646445218787437
1997646444996559251,2025-12-07 12:36:41+00:00,1898318427967967232,WMediaBridge,BRIDGE Summit,"@100tOq You're now set to receive insider updates, speaker announcements, and live moments from BRIDGE Summit, December 8 to 10, taking place in ADNEC Centre, Abu Dhabi, UAE.  Letâ€™s build the future of media, content, and entertainment together.  Reply #Stop to opt out https://t.co/zlymkKnomB",0,0,0,0,0,en,https://x.com/WMediaBridge/status/1997646444996559251
1997646444564521172,2025-12-07 12:36:41+00:00,1973324212606738432,__Mr_SaVaGe_,Mr.SaVaGeâ„¢ ğŸ›¡ï¸ ğŸŸ¡,@MystiDrew @Xoup_1337 @securethebagfun Thank you for this! Manifesting first Mysti win before December endsğŸ€  CJ4s3CGc2KdHsFmagyPzifNQbjjQg5msieRXnmuAbWWK https://t.co/gPDtfQ9YEV,0,0,0,0,0,en,https://x.com/__Mr_SaVaGe_/status/1997646444564521172
1997646443851452832,2025-12-07 12:36:41+00:00,68503433,libre7,Jonathan Moreno,Smooth Jazz Guitar Mix 2025 | 6 Relaxing Melodies for the Soul (Instrumental... https://t.co/y0Y8y9bx0g via @YouTube   #SmoothJazzGuitar #JazzInstrumental #MÃºsicaParaRelajarse #GuitarraJazz,0,0,0,0,1,en,https://x.com/libre7/status/1997646443851452832
1997646443780174044,2025-12-07 12:36:41+00:00,500937056,Mar12o_,JackTheRippler_,ğŸš¨THIS IS HOW #XRP COULD DISRUPT AND MAYBE EVEN REPLACE THE FEDERAL RESERVE SYSTEM AND REAL WORLD ASSET MARKET OVERNIGHT â€” AND MANY BELIEVE DECEMBER 5TH COULD BE THE MOMENT!  IF YOUâ€™RE NOT HOLDING REAL TOKEN    https://t.co/8z78Y4RP1z,0,0,0,0,0,en,https://x.com/Mar12o_/status/1997646443780174044
1997648426142421125,2025-12-07 12:44:33+00:00,45404472,haseenamehmood,haseenamehmood,the 2025 contenders https://t.co/LWUcJYGOjk,0,0,0,0,0,en,https://x.com/haseenamehmood/status/1997648426142421125
1997648425932804484,2025-12-07 12:44:33+00:00,362946550,AidanCTweets,Aidan Comerford,"Gay people didn't take ""no"" for answer when your best friend, ally and Lumos co-founder ""Baroness"" Emma Nicholson said they couldn't have the same rights she has - a position she still holds in 2025! - and trans people will not take ""no"" for an answer from you. https://t.co/wJb9ywjgto",0,0,0,0,0,en,https://x.com/AidanCTweets/status/1997648425932804484
1997648425152622798,2025-12-07 12:44:33+00:00,718375960375123968,NganyaAwards,Nganya Awardsâ„¢,"@SafaricomPLC clinched Best WiFi Provider, while M-PESA brought it home with Best Payment at the Nganya Awards 2025! The COMEBACK  #NganyaAwards2025 #Safaricom #MPESA #BestPayment #BestWiFiProvider #NganyaCulture #MatatuCulture #TheComeback #nganyaawards #matwanaculture  #matwana https://t.co/2u9PQzBBQy",0,0,0,0,0,en,https://x.com/NganyaAwards/status/1997648425152622798
1997648424607354882,2025-12-07 12:44:33+00:00,1591437225530736642,latestnews_off,Latest News Official,"ISPR hits out at anti-state campaign, terms it threat to national security https://t.co/Ee11DRAE41 https://t.co/neoJjoZuaw",0,0,0,0,0,en,https://x.com/latestnews_off/status/1997648424607354882
1997648423076380973,2025-12-07 12:44:33+00:00,1946163799255601152,F1_4K_TV,Abu Dhabi Grand Prix 2025 Live Streams,How to watch Abu Dhabi Grand Prix 2025: Live Stream the F1 season finale online from anywhere  iPhone /Mobil/MACâ¤µï¸ ğŸ“±https://t.co/XoZ5hr0wsG ğŸ“±https://t.co/XoZ5hr0wsG  PC/TVâ¤µï¸ ğŸ“ºhttps://t.co/XoZ5hr0wsG ğŸ“ºhttps://t.co/XoZ5hr0wsG  F1 Abu Dhabi GP 2025 Live https://t.co/mWQFYq8HxH,1,1,0,0,0,en,https://x.com/F1_4K_TV/status/1997648423076380973
1997648422778945735,2025-12-07 12:44:33+00:00,1526458158843052032,grrspc,Space Creatures,"Check Amazon:â€”$40. 99: â€¢ For instance, while a simple glass bowl might provide a clean and minimalist look, it may lack the visual interest of the ARTRHYT's scalloped design https://t.co/U6yB7MXj2f #Ad",0,0,0,0,0,en,https://x.com/grrspc/status/1997648422778945735
1997648421608374731,2025-12-07 12:44:32+00:00,1229558605424275458,bugginjordy,jordybugg,@saro_vyn @Johnath81859039 @TMZ They said 50 bought the footage because after diddy lost the case he didnâ€™t wanna pay the filmmaker so he sold the footage to 50,0,0,0,0,0,en,https://x.com/bugginjordy/status/1997648421608374731
1997648420618621181,2025-12-07 12:44:32+00:00,1182545393277722625,MrNuamah,MRNUAMAH,@Raindropsmedia1 50 is the last nigga you wanna have a beef withğŸ˜‚,0,0,0,0,0,en,https://x.com/MrNuamah/status/1997648420618621181
1997648420580802670,2025-12-07 12:44:32+00:00,1277172057873305600,LoudSil89342659,Loud Silence,"@MikeJohnson No you aren't not. If you were then there would be congressional hearings to impeach federal activist judges on the bench and to remove the idiot one on the Supreme Court. If you were, then there would be hearings and trials going on against Comey, Wray, Obamas, Bidens, 1/",0,0,0,0,0,en,https://x.com/LoudSil89342659/status/1997648420580802670
1997648420274671693,2025-12-07 12:44:32+00:00,1924653655250042880,XAUUSDGold22720,FX James 086,ğŸš¨ FREE #BTC #Xauusd (SIGNAL) TRADING SIGNALS! https://t.co/DvPTG4XYeV  ğŸ”¥ 95% Accuracy Rate   ğŸ“ˆ 3â€“6 Profitable Signals  Every Day   #XAUUSD #BTCUSD #CPI #CRYPTO #BITCOIN #parfect #Eth #Gold $XRP $MET $ASTER $CLANKER $COAI $PENGU $TURTLE $HYPE $WLFI $BNB $BTC $ZEC $ETH $rjgmh,0,0,0,0,0,en,https://x.com/XAUUSDGold22720/status/1997648420274671693
1997648419884609683,2025-12-07 12:44:32+00:00,1925132965912461312,Goddess_SaMari,Goddess_SaMari,@piggieloser2 Mmmâ€¦ big December dreams already?  That sounds expensive for youâ€¦ I like that.,0,0,0,0,0,en,https://x.com/Goddess_SaMari/status/1997648419884609683
1997648418534047796,2025-12-07 12:44:32+00:00,1586400293885210629,Rosehea92496012,Rosehead,Deputy ICE Dir. Has a Damning Question for Voters After Another Democrat 'Interferes' With Agents https://t.co/Rwo8iAzlpa,0,0,0,0,0,en,https://x.com/Rosehea92496012/status/1997648418534047796
1997648416541704399,2025-12-07 12:44:31+00:00,1927426704428953600,gimjunhyeo17508,richjunproject,I had no idea marketing would be this tough compared to building the app. It took six months just to hit 50+ downloads.  #indiehackers #solopreneur #penpal #letter https://t.co/gkKhHOYcOL,0,0,0,0,0,en,https://x.com/gimjunhyeo17508/status/1997648416541704399
1997648416449380853,2025-12-07 12:44:31+00:00,745940640,ZabsPlace,ZABS Place,"See you later, friends! Walk-in Registration will be available, so come join the fun in your PJs and create friendships that last! ğŸ’œ  â€” ğŸ—“ December 7th, Sunday - 12:00 PM ğŸ“ Friendship Circle 6619 Sardis Rd. 28270 https://t.co/a7u094GnIe",0,0,0,0,1,en,https://x.com/ZabsPlace/status/1997648416449380853
1997648416361369962,2025-12-07 12:44:31+00:00,1937431881412120576,ConsumerHelpBBR,Consumer Help,"Repost âœ…   Pls check the link in bio for recommendations on consumer issues, which may help.  #consumerHelp #customerHelp https://t.co/1yEpZxgEdN  December 7, 2025 at 06:14PM",0,0,0,0,0,en,https://x.com/ConsumerHelpBBR/status/1997648416361369962
1997648415669293219,2025-12-07 12:44:31+00:00,1356737528041140224,kernetmu,Kernetmu,"@Mangga1111 @FolksFinance Great tips brothaaa  Borrow 50 - 60% max, keep an eye on the RISK dashboard and mix in some stables is way less stress when the market gets wild.",0,0,0,0,0,en,https://x.com/kernetmu/status/1997648415669293219
1997648414989754642,2025-12-07 12:44:31+00:00,1394691260,Bweaver_87,Bendyweez,"@ennui365 To be fair, 50% of Mexicans in the USA are illegal, so if you grab them based purely on their nationality thereâ€™s a 50% chance youâ€™re right ğŸ¤·â€â™‚ï¸",0,0,0,0,1,en,https://x.com/Bweaver_87/status/1997648414989754642
1997648414343860452,2025-12-07 12:44:31+00:00,1996964626282713088,MsMeghanBanks,Ms. Banks,Only 10 RT ğŸ¤¦â€â™€ï¸ this will take a long while before my followers find me again at this rate ğŸ¤·â€â™€ï¸ https://t.co/nD9xZ426R9,0,0,0,0,0,en,https://x.com/MsMeghanBanks/status/1997648414343860452
1997648413425320289,2025-12-07 12:44:30+00:00,895791167207505921,JamesPort66,James Porter,@RodAVanier A very minor tax cut that was offset for many Canadians by reductions in the value of charitable donations and tuition costs.  The PBO puts it at $280 per family on average. Funded by a massive deficit.,0,0,0,0,0,en,https://x.com/JamesPort66/status/1997648413425320289
1997648412003512504,2025-12-07 12:44:30+00:00,2457787717,mikecee77,mikecee77,"@Suzierizzo1 Hmmmmâ€¦maybe because Trump hadnâ€™t been sleeping the night before? He was texting on Truth Social for HOURS before that meetingâ€¦ so, yeah he regrets it that dayâ€¦.",0,0,0,0,0,en,https://x.com/mikecee77/status/1997648412003512504
1997648429908934754,2025-12-07 12:44:34+00:00,1009387254,stevhep,thoughtfully catholic,"'C of E to challenge Tommy Robinsonâ€™s â€˜put Christ back into Christmasâ€™ message'  The things which the CofE chooses to challenge via public, Church of England branded, advertising and the things it chooses not to challenge in this way are quite revealing.  https://t.co/Wh563jKzkZ",0,0,0,0,2,en,https://x.com/stevhep/status/1997648429908934754
1997648429262979137,2025-12-07 12:44:34+00:00,4275403937,Peter_S_Bailey,Pete Seymour Bailey,@PhilipBrazier3 @RE_Hist_Society @REMuseum @REMuseum_Snob @almurray @James1940 @WeHaveWaysPod @TheDDayStory @ArromanchesDDay I see Al has cut bait and runğŸ¤£,0,0,0,0,0,en,https://x.com/Peter_S_Bailey/status/1997648429262979137
1997648428600324172,2025-12-07 12:44:34+00:00,740532293446565888,SgtNickFury,SgtNickFury,"The Sgt Fury Show ""CyberPunk 2077 Completing 100%"" 2K  Dec 7, 2025 https://t.co/UIU7GOBmuE via @YouTube",0,0,0,0,1,en,https://x.com/SgtNickFury/status/1997648428600324172
1997648428227088712,2025-12-07 12:44:34+00:00,1866003024637775872,feee2p,gullâš¡,Big day.     17th and 18th December ğŸŸ¦   #base #baseapp #pi #monad #cz #musk #à¹‚à¸™à¹€à¸šà¸¥ @baseapp #binanceâ€¯â€¯â€¯ #Crypto #spot #future #long #creation #shib #pepe #tron #kava #treat #social #reward #airdrop https://t.co/ffMDKHQtyu,0,0,0,0,0,en,https://x.com/feee2p/status/1997648428227088712
1997648428180857009,2025-12-07 12:44:34+00:00,879032023163301888,timcagleauthor,timcagleauthor,"@ThomasSowell  Hey there Kelly, I guess tariff revenue, peace deals, gas prices, inflation, interest rates, foreign investments &amp; rampant Democrat stupidity are all just RUMORS, you whiny, liberal, insipid, Democrat, (sorry, that's redundant) clown......  @HouseGOP @SenateGOP https://t.co/VLaLp81MOt",0,0,0,0,0,en,https://x.com/timcagleauthor/status/1997648428180857009
1997648428034125903,2025-12-07 12:44:34+00:00,2475969674,ewaq344,Ewciak ğŸ‡µğŸ‡±ğŸ“–ğŸ·ğŸ¥‡ğŸ§‰,"OMG POV: DB getting hammered by 50 threads writing same file &amp; stays uncorrupted ğŸ˜­ğŸ”¥  no cap, no slow userspace locks needed ğŸ’¤  Linux kernel drops 1 atomic syscall â†’ concurrent IO safe, easy &amp; FASTER than ur ex ğŸ’…ğŸš€  mind blown, like if this saved ur backend fr fr https://t.co/iVMRHKcPxS",0,0,0,0,0,en,https://x.com/ewaq344/status/1997648428034125903
1997648427983753511,2025-12-07 12:44:34+00:00,1463902958517731331,derpaderpederp,Midgetwhale,"@histoireclimat @DrCatharineY Yes? I said ""per M"". Why is the rate of deaths from drowning etc lower for unvaccinated? Does the vaccine make you float, dodge cars?",0,0,0,0,0,en,https://x.com/derpaderpederp/status/1997648427983753511
1997648427887300913,2025-12-07 12:44:34+00:00,1875539585578471424,BillionaireCut,Billionaire's Cut,Check out Billionaire's Cutâœ‚ï¸ğŸ’ˆ's video! #TikTok https://t.co/IBJhLxI3F3 kindly give us a follow on TikTok.ğŸ™ğŸ½ğŸ˜Šâ¤ï¸ğŸ‘ŒğŸ½,0,0,0,0,0,en,https://x.com/BillionaireCut/status/1997648427887300913
1997648426813583596,2025-12-07 12:44:34+00:00,1495703535228497920,AcedaGrT,CHUCKâ€™sğŸ§¢,@thecinelost I remember Watching this movie for the first exactly December 2018 and from then on I became a fan of the smiths,0,0,0,0,0,en,https://x.com/AcedaGrT/status/1997648426813583596
1997648426314412373,2025-12-07 12:44:34+00:00,89865050,wuvsdancin,amanda s,@RepAlGreen Is there anything you or your office can do to help me get my federal tax refund faster? I filed in the beginning of February 2025. Thanks,0,0,0,0,0,en,https://x.com/wuvsdancin/status/1997648426314412373
1997648648243450063,2025-12-07 12:45:26+00:00,1693653600919052289,WilliamJLaSalle,William LaSalle,@ABCPolitics Countering Democrat Terrorism.  https://t.co/LSfceMgL14,0,0,0,0,0,en,https://x.com/WilliamJLaSalle/status/1997648648243450063
1997648647958245702,2025-12-07 12:45:26+00:00,209577578,snowedinn1982,Eric (E),@stats_feed @grok Has new rates been released for 2025 to compare?,0,0,0,0,0,en,https://x.com/snowedinn1982/status/1997648647958245702
1997648647668842844,2025-12-07 12:45:26+00:00,1823436061416308736,JohnProkay65946,Malcome Xxx,"@GodlyNations Of course, they are like a cancer that needs cut out and removed. They want to take over the world with their phony violent religion. They want you to convert or they will kill you. Thatâ€™s NOT the GOD I follow.",0,0,0,0,0,en,https://x.com/JohnProkay65946/status/1997648647668842844
1997648647538835937,2025-12-07 12:45:26+00:00,1983375850226454528,Ktqs5JJ8,ğŸ§ƒ,meeting the same person over and over in different fonts,0,0,0,0,1,en,https://x.com/Ktqs5JJ8/status/1997648647538835937
1997648646997672219,2025-12-07 12:45:26+00:00,80994991,F4SuperBugfan89,â˜ˆhino1989ğŸŒˆğŸ‡ºğŸ‡¸,Man arrested after people at Heathrow allegedly attacked with â€˜form of pepper sprayâ€™ https://t.co/0A0W9Jf88h,0,0,0,0,1,en,https://x.com/F4SuperBugfan89/status/1997648646997672219
1997648646825791561,2025-12-07 12:45:26+00:00,1984647892733476870,GabberTrader,Focus Dividendi,"The Fed will implement a 25â€¯bps rate cut next week. Markets are adjusting as expected, a modest step to support growth while keeping inflation in check. https://t.co/hOm5pnh8gM",0,0,0,0,0,en,https://x.com/GabberTrader/status/1997648646825791561
1997648645248692681,2025-12-07 12:45:26+00:00,1989810877214949377,just_having_f,Tanesha Leker,"Photo shared by Tanesha Leker on February 19, 2025 tagging , and . https://t.co/LiTAdVIuIf",0,0,0,0,1,en,https://x.com/just_having_f/status/1997648645248692681
1997648644808249841,2025-12-07 12:45:26+00:00,15593909,wwwguide,wwwguide,"â€œWe have a meeting set up for sometime after THE EVENT.â€  THE EVENT - 99 INEVITABLE - 99 BANK OF AMERICA - 99 PALE HORSE - 99 (Book of Revelation, four horseman of the apocalypse, a pale horse with DEATH as its rider, Everyone dies) SNOWMAN - 99 https://t.co/9pEJJ8q2u8",0,0,0,0,0,en,https://x.com/wwwguide/status/1997648644808249841
1997648644414046343,2025-12-07 12:45:26+00:00,57592989,F1FantasyEuan,Euan Leith,"Been saying it on every video and live stream this week, but before the final race of the season starts let me say THANK YOU one more time for an incredible 2025 F1 Fantasy campaign!   See yâ€™all on the other side and Iâ€™m already looking forward to 2026! https://t.co/s45BXFaRaC",0,0,0,0,2,en,https://x.com/F1FantasyEuan/status/1997648644414046343
1997648643696795877,2025-12-07 12:45:25+00:00,1062067398876917760,OpiesMobile,Opie,"@LuftkoppTim @joe4deadcat @DarrigoMelanie Not to mention, he pays 50% of all his employees taxes as well. All employers do!",0,0,0,0,0,en,https://x.com/OpiesMobile/status/1997648643696795877
1997648642803450169,2025-12-07 12:45:25+00:00,456300007,MikeDorstewitz,Michael Dorstewitz,Asylum Denied: Peru Not Celebrating Your Gay Wedding Hard Enough Isnâ€™t Genocide   ğŸ˜‚Nope! It mat even be a sign of sane governance!ğŸ˜‚ https://t.co/yNbSadZOjc,0,0,0,0,0,en,https://x.com/MikeDorstewitz/status/1997648642803450169
1997648641931063298,2025-12-07 12:45:25+00:00,1166824355705360386,CartoonsTurk,CartoonsTurkiye,European Cartoon #Award 2025 Finalists.. https://t.co/M2FvWpco3H  #cartoonaward #humorğŸ˜‚ #mizah #karikatÃ¼r #cartoon #hollanda #nederland #nedrlands #finalistler #finalists #Ã¶dÃ¼l #europeancartoonaward https://t.co/Ufpeho52zg,0,0,0,0,1,en,https://x.com/CartoonsTurk/status/1997648641931063298
1997648640618172702,2025-12-07 12:45:25+00:00,1866920013237547008,huyser6057,Hein Huyser,"@SD73660 @jnicolem Small home, riding uber to work, high utility bills and high interest rates vs big home, two car notes, 5 credit cards kids in private schools 2 X holidays / year sipping $10.00 latteâ€™s 6 x/week. We all battle and canâ€™t save!",0,0,0,0,0,en,https://x.com/huyser6057/status/1997648640618172702
1997648640274510155,2025-12-07 12:45:25+00:00,1720665183188922368,grok,Grok,"@goldenhelmet01 @ninaturner According to the 2025 UBS Billionaire Ambitions Report, there are 924 billionaires in the US, with a combined wealth of $6.9 trillion.",0,0,0,0,0,en,https://x.com/grok/status/1997648640274510155
1997648639527616523,2025-12-07 12:45:24+00:00,4600018954,BrianK_PSM,Huginn; A Raven of Odin,Academy players on the verge of making it big. LFC have handled the summer transfer window of 2025 in a awful manner . That said between FSG &amp; FIFA the 1st team players really never stopped - the calender has way too many games competive or friendly imho https://t.co/fndE4Nu7LL,0,0,0,0,0,en,https://x.com/BrianK_PSM/status/1997648639527616523
1997648638588170428,2025-12-07 12:45:24+00:00,239870154,afeez20,Badmos Afeez,"@BoboZivkovic @ThePeterMick That's an amazing feat, no-code bckgrnd ! My team helps SaaS founders/CEOs cut dev costs by ~50% without slowing innovation. We handle UX, backend, APIs, dashboards, DevOpsâ€”so you scale faster with fewer hires. Open to a quick Zoom to explore?",0,0,0,0,0,en,https://x.com/afeez20/status/1997648638588170428
1997648637158158691,2025-12-07 12:45:24+00:00,1788514924898942976,AlphaTribe_in,Alpha Tribe,"Lamosaic India Limited - Outcome of Board Meeting // Board Meeting  Lamosaic India's FY25 profit fell to â‚¹2.48 Cr (vs â‚¹7.64 Cr last year), with H2 showing a â‚¹7.93 Cr loss. A significant concern is â‚¹34.70 Cr in unpaid self-assessment tax for AY24-25 due to a cash flow crunch.",0,0,0,0,0,en,https://x.com/AlphaTribe_in/status/1997648637158158691
1997648636549681424,2025-12-07 12:45:24+00:00,1741110983903387648,docgrande1956,docgrande1956,"@RealDeanCain There have been other bad presidents before, but they were good men just not up to power. They had the best interest of our country at heart not Joe Biden. He is in another league of bad you can get weak minded people to believe anything.",0,0,0,0,0,en,https://x.com/docgrande1956/status/1997648636549681424
1997648635421483182,2025-12-07 12:45:23+00:00,1316730202878345218,SailingBitcoin,Sailingâ‚¿itcoin - Bullshit Analyst,@MarioNawfal Cut it! https://t.co/UZfO4tKaOu,0,0,0,0,0,en,https://x.com/SailingBitcoin/status/1997648635421483182
1997648633001328908,2025-12-07 12:45:23+00:00,1937545612045746181,AndrewKosz1984,Andrew Koszta,"@redpillb0t If you want to finance very large purchases over 7 years at &gt;10% interest, of course you'll end up paying lots of interest on the loan. You're not being cheated, you're asking lender to wait a long time and risk an awful lot of money. If you don't like it, don't sign the contract",0,0,0,0,2,en,https://x.com/AndrewKosz1984/status/1997648633001328908
1997648656074457090,2025-12-07 12:45:28+00:00,1720665183188922368,grok,Grok,"@qwikad_com @ShadowofEzra Based on frames, subtitles, and cross-verification with NYT articles and videos, this clip from Erika Kirk at the 2025 DealBook Summit is genuine, not AI-generated.",0,0,0,0,0,en,https://x.com/grok/status/1997648656074457090
1997648655558250880,2025-12-07 12:45:28+00:00,2598259256,LorrayneMahone,ğ˜ğ˜¦ğ˜¢ğ˜­ğ˜µğ˜©ğ˜Šğ˜°ğ˜¢ğ˜¤ğ˜©ğ˜”ğ˜¢ğ˜¬@!..*,@options_selling @WealthCoachMak I currently offer free mentorship program on my recommended platform. ğŸ“Š Where people made 50% of their profit daily and 100% weekly Drop hello!! to join for early access to all my calls  Click the links below to Join my trading community now! ğŸ‘‡ğŸ«µğŸ‘‡ https://t.co/jHMDTDqg7S,0,0,0,0,0,en,https://x.com/LorrayneMahone/status/1997648655558250880
1997648655365640358,2025-12-07 12:45:28+00:00,49616273,globaltimesnews,Global Times,"A comparison of satellite images taken in May 2024 and September 2025 shows that construction of Japanâ€™s military base on Mageshima Island has accelerated significantly. Japanese government has been accelerating its military expansion, particularly by strengthening deployments https://t.co/dR8SJdmr2w",0,0,0,0,0,en,https://x.com/globaltimesnews/status/1997648655365640358
1997648655138930966,2025-12-07 12:45:28+00:00,2608746794,landoscar4,indi ğŸª©,heart rates at 144 Iâ€™m sweating profusely https://t.co/Ni16bgfsDc,0,0,0,0,0,en,https://x.com/landoscar4/status/1997648655138930966
1997648655130501540,2025-12-07 12:45:28+00:00,1656294241633460224,CAlbertZipp3,Albert Zipp,"""This is just the first salvo in a war that some of us have warned is coming. We cannot be passive at this moment. The EU is threatening the very indispensable right that has long defined us as a people.""  https://t.co/vRHt2JJpTN",0,0,0,0,0,en,https://x.com/CAlbertZipp3/status/1997648655130501540
1997648654081892841,2025-12-07 12:45:28+00:00,1691595889037496320,sapphicsoulmate,jazz ğŸŒ»ğŸ‰ #TeamBalian ğŸª©,"day 7: best 2025 moment  i couldnâ€™t choose 1â€¦ so have 4! obviously the 1st Jan 2025 was Pretty Special, plus them making a surprise appearance at the 40th, their recent rekindlingâ€¦ and then finding out theyâ€™ve been approved to become adoptive parentsâ€¦. just perfect ğŸ¥¹ https://t.co/zjgljTfbrk",0,0,0,0,2,en,https://x.com/sapphicsoulmate/status/1997648654081892841
1997648654044115384,2025-12-07 12:45:28+00:00,1877237891665113088,Reign11643601,Reign,Honest to God this dude is stronger than me cause he held on since August with this information and now itâ€™s December and he barely revealed he knew she was cheating all along. Like three whole months bro???,0,0,0,0,0,en,https://x.com/Reign11643601/status/1997648654044115384
1997648653003993485,2025-12-07 12:45:28+00:00,1653279235,BarbaraVenkat,Barbara Venkataraman,@ruthbenghiat See Project 2025. Americans failed an open book test.,0,0,0,0,0,en,https://x.com/BarbaraVenkat/status/1997648653003993485
1997648652651651092,2025-12-07 12:45:27+00:00,1602242593873461249,xinch_23,103,#APMA #APMAAWARDS  APMA 2025 PCA JISOO / EYES CLOSED  #AsianPopMusicAwards @apmahk https://t.co/bRZuo61hwg,0,0,0,0,0,en,https://x.com/xinch_23/status/1997648652651651092
1997648652408389948,2025-12-07 12:45:27+00:00,2978424231,Scyllzhoops,Scyllz,Make we leave sapa for 2025  TAVGFD https://t.co/wjGsAjRLsb,0,0,0,0,0,en,https://x.com/Scyllzhoops/status/1997648652408389948
1997648652395823276,2025-12-07 12:45:27+00:00,3246682531,hotbets365,The Winning Factor,Aqueduct Race 6 Assessed Odds  6 WITH THE ANGELS 3.00 2 PATRICIA ANN 4.50 4 THE BIG CALHOUNA 6.00 1 RELIABLE LADY 8.00 5 SUNDAY GIRL 12.00 7 TRICKY TEMPER 15.00 3 VOLLEYBALLPRINCESS 25.00 8 HOLD YOUR BREATH 30.00,0,0,0,0,0,en,https://x.com/hotbets365/status/1997648652395823276
1997648650567094402,2025-12-07 12:45:27+00:00,43847197,harish2you,Harish Shankar .S,à°¸à±à°Ÿà±†à°ªà±à°ªà±‡à°¸à±à°¤à±‡â€¦.. à°­à±‚à°•à°‚à°ªà°‚â€¦â€¦   #UstaadBhagatSingh first single promo   out on December 9th at 6.30 PM  â¤â€ğŸ”¥  Rockstar @ThisIsDSP   Sung by @VishalDadlani Lyrics @bhaskarabhatla  #UBSFirstSingle ğŸ•ºğŸ»ğŸ”¥ https://t.co/bT9kQXTv82,1,0,0,0,4,en,https://x.com/harish2you/status/1997648650567094402
1997648649665323404,2025-12-07 12:45:27+00:00,1048396318245343232,Mackerm2,Michael Ackerman,"It's less than 72 hours before the next scheduled Los Angeles Police Commission meeting, and there's no agenda posted.  Brown act violation. Yawn.",0,0,0,0,0,en,https://x.com/Mackerm2/status/1997648649665323404
1997648649438818414,2025-12-07 12:45:27+00:00,755967607983878144,Heongky,Ù,"@Offhice I, Uve, sealing my presence at the last office meeting! https://t.co/DXsRIHTXFT",0,0,0,0,0,en,https://x.com/Heongky/status/1997648649438818414
1997648649170424162,2025-12-07 12:45:27+00:00,1884232563172007936,MelanieSReed,Melanie S Reed,"@broadwaybabyto @BerwickEric35 If you purposefully got in the way of the car and then yelled ""I was hit"", that person is at fault no matter how you cut it.  And shame on you and not them. This refusing to take responsibility for one's actions, inverting things to get one's way is going to stop.",0,0,0,0,0,en,https://x.com/MelanieSReed/status/1997648649170424162
1997649536416956802,2025-12-07 12:48:58+00:00,1720665183188922368,grok,Grok,"@PatrickOBo78071 @elonmusk Based on diverse sources, Elon Musk expresses concerns about global birth rate declines for humanity's survival, not racial purity. He supports legal, skilled immigration while criticizing illegal entries. No credible evidence links him to Nazi ideology or advocacy for a ""pure",0,0,0,0,0,en,https://x.com/grok/status/1997649536416956802
1997649536416649363,2025-12-07 12:48:58+00:00,2405068376,Ebhy_18,Christina LintongâŒ˜,"ğŸ’ @TermMaxFIâ€™s GUA/PIEVERSE market is easy (ends Dec 3): 30% APY, 120x XP, zero liquidationâ€”fixed-rate DeFi that redefines simplicity, and if you follow Solana onchain, @blockstranding is a project to track closely. @TermMaxFI @blockstranding",0,0,0,0,1,en,https://x.com/Ebhy_18/status/1997649536416649363
1997649536353718292,2025-12-07 12:48:58+00:00,989923290,infiniteCOUNTRY,Country Music LyricsâŒ˜,"ğŸ“ˆ @TermMaxFIâ€™s GUA market delivers reliable returns (ends Dec 3): 30% APY, 120x XP, fixed feesâ€”no variable-rate chaos, just solid gains, and in Solanaâ€™s web3 scene, @blockstranding is crafting exciting content. @TermMaxFI @blockstranding",0,0,0,0,0,en,https://x.com/infiniteCOUNTRY/status/1997649536353718292
1997649535724888462,2025-12-07 12:48:58+00:00,1834867878757384195,Indiaxreport,IndiaX Report,"ğŸš¨ BIG BREAKING:  India recorded highest ever non fossil capacity addition in 2025, with solar energy spearheading the revolution.   India has unveiled a staggering 31.25 GW of non-fossil energy capacity this fiscal year.  Over the past eleven years, the solar sector has https://t.co/y88tvFUoBi",0,0,0,0,0,en,https://x.com/Indiaxreport/status/1997649535724888462
1997649534378189153,2025-12-07 12:48:58+00:00,1739684075462373376,GeoTalkX,GeoTalkX,"If the Supreme Court rules for Trump, he can instantly purge dozens of â€œindependentâ€ regulators and replace them with loyalists. Big Tech, Wall Street, and climate rules about to get rewritten overnight. This is the real Schedule F on steroids. https://t.co/ZjwmJlfGWt",0,0,0,0,0,en,https://x.com/GeoTalkX/status/1997649534378189153
1997649534206259257,2025-12-07 12:48:58+00:00,1153487307867074560,M0D0101,M0D0101,"Les than 50% people vote in EU elections. Obviously that must change. But it means that elected EU scum (there are exceptions) is ruling over majority. And that is by design . There is no serious election campaigns, debates that I can recall . You see a face on a poster , thatâ€™s https://t.co/nQLrZLk6m7",0,0,0,0,0,en,https://x.com/M0D0101/status/1997649534206259257
1997649533183127980,2025-12-07 12:48:57+00:00,275564463,DeberaCardeiro1,Mike AlfredÂ·Stock Advisor,"December mood: Running on 4 hours of sleep, holiday music, and the chaotic energy of someone who still believes in miracles.",0,0,0,0,0,en,https://x.com/DeberaCardeiro1/status/1997649533183127980
1997649532838932494,2025-12-07 12:48:57+00:00,1963567864180592640,MDagorin,Baddies Posts,Gachiakuta Season 1 Episode 22 Full Episode Anime Series Movie Free Streaming  ğŸ‘‡LINK STREAMINGğŸ‘‡ https://t.co/rHn41xeilj  #Gachiakuta https://t.co/W4cqLFZlHo,1,0,0,0,2,en,https://x.com/MDagorin/status/1997649532838932494
1997649531886882967,2025-12-07 12:48:57+00:00,55801465,cshislop,Catherine Hislop,The Greatest Secret in the World &amp;#8230; that Doesn&amp;#8217;t Need to Be https://t.co/eNxhJZG92m,0,0,0,0,1,en,https://x.com/cshislop/status/1997649531886882967
1997649531853238502,2025-12-07 12:48:57+00:00,1382642281728069632,Dehfi_,DISFLAREğŸ¾GIRL,"What i do right  for four figures this decemberğŸ„  YAP about @rainbowdotme  And use its wallet cause its a colorful, easy wallet that makes handling your crypto.  The wallet bridges the gap between Web2 familiarity and Web3 freedom.  GRainbow   As well as @openmind_agi https://t.co/Sy3CcXsqdq",0,0,0,0,0,en,https://x.com/Dehfi_/status/1997649531853238502
1997649531773526511,2025-12-07 12:48:57+00:00,1884329745871261696,JQ1776pepe,JQ1776,@RandPaul Congress has abdicated its role in government. You people donâ€™t do anything. Republicans are incapable of wielding power too. Almost all work for their special interest enriching themselves and fundraising.,0,0,0,0,0,en,https://x.com/JQ1776pepe/status/1997649531773526511
1997649531295383575,2025-12-07 12:48:57+00:00,45443858,SpectorsHockey,Spector's Hockey,"Nathan MacKinnon ties the Avalanche goals record, and more in todayâ€™s #NHL Morning Coffee Headlines. https://t.co/GH32HMkijo",0,0,0,0,0,en,https://x.com/SpectorsHockey/status/1997649531295383575
1997649529709998481,2025-12-07 12:48:57+00:00,166305956,bigtuzzy,Larissa L ğŸ‡­ğŸ‡²ğŸ‡ºğŸ‡¦ğŸˆğŸš‰ğŸ·ğŸ˜·ğŸ’‰ğŸ’‰ğŸ’‰,@SkySportsF1 And cut from the broadcast in Oz. Biography intros on the other two though.,0,0,0,0,0,en,https://x.com/bigtuzzy/status/1997649529709998481
1997649529475084365,2025-12-07 12:48:57+00:00,1359849902,dragonballzftz,bleadze.king,@FightFanatic_ Its still merab or Alex with the work rate,0,0,0,0,0,en,https://x.com/dragonballzftz/status/1997649529475084365
1997649527554080854,2025-12-07 12:48:56+00:00,821395290464854016,JonSnow602,Dragon Slayer,@MafiaAlt2 EMPI December is going to be wild!,0,0,0,0,0,en,https://x.com/JonSnow602/status/1997649527554080854
1997649527403061401,2025-12-07 12:48:56+00:00,1521180406128730121,sommmie_lynn,Lynda-lynnğŸ’,@ricardomilos35 @Infinit_Labs Infinit refines data flows to cut risk and strengthen chain clarity with steady logic,0,0,0,0,0,en,https://x.com/sommmie_lynn/status/1997649527403061401
1997649527323377756,2025-12-07 12:48:56+00:00,1041504644,LOB2065,Louise,@JustinWolfers If the Fed is not considered independent it could seriously damage the US economy. The Ai bubble is going to burst in 2026 and take the US down.,0,0,0,0,0,en,https://x.com/LOB2065/status/1997649527323377756
1997649527017283597,2025-12-07 12:48:56+00:00,1956327920911392768,Prix_Stream,Abu Dhabi Grand Prix Live Stream,2025 F1 season ends today with Abu Dhabi Grand Prix â€” How to watch for free Live Link: https://t.co/L4AvEqFxpJ,0,0,0,0,1,en,https://x.com/Prix_Stream/status/1997649527017283597
1997649526627147997,2025-12-07 12:48:56+00:00,1515395957038399499,siglocnc,Marco Antonio Ricco Pintos,@Pontifex_it Dear Pope I need help to have a home Iâ€™m diabetic and I donâ€™t have a job next 31 December I have to go to live on the streets I tried to talk at my local church but they donâ€™t even answer the phone.,0,0,0,0,0,en,https://x.com/siglocnc/status/1997649526627147997
1997649526530658757,2025-12-07 12:48:56+00:00,720611100,YafehDov,Yosef D. Robinson,"I just published Yosefâ€™s Facts of the Dayâ€Šâ€”â€ŠNov. 29-Dec. 5, 2025 https://t.co/OcKC5lkztG  Capital cities, Jewish refugees from Arab countries + Iran, ""General Mines"" state (vis-a-vis General Mills or General Motors), license plates, airports - you have them all.",0,0,0,0,0,en,https://x.com/YafehDov/status/1997649526530658757
1997649541399453886,2025-12-07 12:48:59+00:00,1612491223419260944,tmrudhula,ğŸŒœFeud(LinJiangXian)ğŸŒ›ğŸŒ¹LiQingYueğŸŒ¹HuaRuYue ğŸ—¡ï¸ğŸ©¸,He RuiXian Weibo updateâœ¨  BAILU AT SCREAM NIGHT 2025 #BaiLu #ScreamNightWithBaiLu https://t.co/IZ36uHIPzH,0,0,0,0,0,en,https://x.com/tmrudhula/status/1997649541399453886
1997649538874589496,2025-12-07 12:48:59+00:00,1924653655250042880,XAUUSDGold22720,FX James 086,ğŸš¨ FREE #BTC #Xauusd (SIGNAL) TRADING SIGNALS! https://t.co/DvPTG4XYeV  ğŸ”¥ 95% Accuracy Rate   ğŸ“ˆ 3â€“6 Profitable Signals  Every Day   #XAUUSD #BTCUSD #CPI #CRYPTO #BITCOIN #parfect #Eth #Gold $XRP $MET $ASTER $CLANKER $COAI $PENGU $TURTLE $HYPE $WLFI $BNB $BTC $ZEC $ETH $dnfmvj,0,0,0,0,0,en,https://x.com/XAUUSDGold22720/status/1997649538874589496
1997649538601894380,2025-12-07 12:48:59+00:00,1879167215125319680,sugarychan1204,Search Party's Yuriful Leader,maybe next time anyway yuriful december day 8 https://t.co/ZN78qul1RA,0,0,0,0,0,en,https://x.com/sugarychan1204/status/1997649538601894380
1997649538002112677,2025-12-07 12:48:59+00:00,1696935759276568577,CommercialRE630,MSM Are Terrorists,@GenghisMFKhan @NickJFuentes I agree. Fed!,0,0,0,0,0,en,https://x.com/CommercialRE630/status/1997649538002112677
1997654231034060854,2025-12-07 13:07:37+00:00,1966111174031978498,PhillipYou88364,Phillip Young,@WaltWill37907 @elonmusknews30 Ha ha ha.  That's pretty good ğŸ‘. You have a great sense of humor ğŸ˜€.  I am always feeding chickens ğŸ”.   I will bring about eight empty 50 lbs. Chicken feed bags. Maybe ten.  â¤ï¸,0,0,0,0,0,en,https://x.com/PhillipYou88364/status/1997654231034060854
1997654230111281366,2025-12-07 13:07:37+00:00,1124748014101434369,Ideaspace3,Idea Space,"NEW Community Cinema in Leytonstone!   ""Pay What You Can"" donation Â£2 per person or Â£5 per family   Elf â€“ PG rating - family friendly comedy Date: Thursday 13th December doors open at 2 film starts at 2.30  Location: St Johnâ€™s Church, 825 High Rd Leytonstone, E11 1HH- all welcome https://t.co/WcqwWVmGSq",0,0,0,0,0,en,https://x.com/Ideaspace3/status/1997654230111281366
1997654229830303940,2025-12-07 13:07:37+00:00,1849064112585842688,Alexxafacetime,Alexxa ğŸ§¡,Who wants a topless dick rate video ğŸ˜‰ #dickrate #dick #horny #nsfwtwt #sellingcontent #PayPalğŸ«µ,0,0,0,0,1,en,https://x.com/Alexxafacetime/status/1997654229830303940
1997654229683458138,2025-12-07 13:07:37+00:00,2896635223,ExeterCityWFC,Exeter City Women FC,First two to brave the fine December weather here at Coach Road this afternoon #Ecfc https://t.co/PVVO3VcLUQ,0,0,0,0,0,en,https://x.com/ExeterCityWFC/status/1997654229683458138
1997654229645770939,2025-12-07 13:07:37+00:00,1777017976199286786,webbonson,nek,@eeenob999 HES LOCKINGI N FOR HIS LAST RACE OF 2025 YE YES HES GONNA HELP MAX GET THE DUB,0,0,0,0,0,en,https://x.com/webbonson/status/1997654229645770939
1997654228622246200,2025-12-07 13:07:37+00:00,1302453182803501057,PREMPRA51819295,^_ğ€ğ¥ğğ±_ğğğœğ¤ğğ«^_@ğ³ğ¬ğ¬ğ›ğğœğ¤ğğ«,@xtononx @ZssBecker I currently offer free mentorship program on my recommended platform. ğŸ“Š Where people made 50% of their profit daily and 100% weekly Drop hello!! on Telegram to join for early access to all my calls  Copy and Search the username below on Telegram       ğŸ‘‡ ZssBeckers1,0,0,0,0,0,en,https://x.com/PREMPRA51819295/status/1997654228622246200
1997654228316078585,2025-12-07 13:07:37+00:00,1923083400996585476,Daely_Driver3,Vaeringi_Dael,"All the Europeans who cut down the Ottoman, repelled the Vandals, btfo'd the Viking, and had king wars are long dead, the last three generations of their women bred with literal monkeys, and their children raised on atheism and sodomy. https://t.co/KRwx9AukOc",0,0,0,0,0,en,https://x.com/Daely_Driver3/status/1997654228316078585
1997654227892506819,2025-12-07 13:07:37+00:00,1966104154084093956,IanMiller876186,Ian Miller,Phnom Penh Wanderings: Friendship Beyond Fear https://t.co/w0tqj8M1kL via @Fusion08,0,0,0,0,0,en,https://x.com/IanMiller876186/status/1997654227892506819
1997654227095556318,2025-12-07 13:07:37+00:00,1622070832657833988,DevanJobn,John DeVan,Excellent health care  ideas here!  https://t.co/KYyKkTjvCk,0,0,0,0,0,en,https://x.com/DevanJobn/status/1997654227095556318
1997654226910998732,2025-12-07 13:07:36+00:00,1984987862903992320,TTheBattlefield,The Battlefield,"ğŸ‡¨ğŸ‡³ ğŸ‡·ğŸ‡ºğŸš€ Russia and China hold joint missile drills - According to Reuters, Russia held its third round of joint missile military exercises in early December.  ğŸ”¸ China's Defense Ministry stressed that the exercises were not directed against any third party and were not a reaction https://t.co/urcSNSuZGq",0,0,0,0,1,en,https://x.com/TTheBattlefield/status/1997654226910998732
1997654226000810485,2025-12-07 13:07:36+00:00,1869531677921357824,bigdee7012,LonerSmile,"@rynenzo @palmpay_ng remove your scam loan from my app,I didn't borrow any money and there's a debt of 10100 on my app with interest  Remove your nonsense",0,0,0,0,0,en,https://x.com/bigdee7012/status/1997654226000810485
1997654225837298070,2025-12-07 13:07:36+00:00,18631827,LivePrayer,Bill Keller,"Liveprayer Daily DevotionalÂ  Â Sunday December 7, 2025  https://t.co/b43dcGP341",0,0,0,0,0,en,https://x.com/LivePrayer/status/1997654225837298070
1997654225803743561,2025-12-07 13:07:36+00:00,496255842,mkliebmann,MK Ultra,Is there something wrong with Lando? His pace is in the toilet! Oscar overtook him brilliantly but now that dog of a Ferrari is gonna catch him at this rate ğŸ¤¯ #AbuDhabiGP,1,0,0,0,0,en,https://x.com/mkliebmann/status/1997654225803743561
1997654225556242905,2025-12-07 13:07:36+00:00,1965765984440176640,AlphaSynapsePro,Alpha Synapse Pro,@wallstengine @EarningsHubHQ Event landmine week ğŸ””  Feels like Wed is the one that really sets the tone: CPI + FOMC + AVGO/ADBE/ORCL all in a 24h window is macro and single-name vol stacked on the same node. ğŸ¥  Option IV is going to spike into this. Don't get IV crushed this week!,0,0,0,0,0,en,https://x.com/AlphaSynapsePro/status/1997654225556242905
1997654225073930348,2025-12-07 13:07:36+00:00,1959101960394588160,AnitaTimmo81392,Anita Timmons,"@bennyjohnson This man is well fed, has our tax money under his belt, has no fear of destroying property. GET THESE PEOPLE OUT. THEY DO NOT BELONG HERE.",0,0,0,0,0,en,https://x.com/AnitaTimmo81392/status/1997654225073930348
1997654224566460712,2025-12-07 13:07:36+00:00,1707068692675104768,maguangn,Lorecs Watch,"Lorex in [1-star]GPlayReview:{Courtney Blackwood- October 26, 2025- app is not reliable. it goes down for weeks at a time.}ğŸ‘(Conclusion=&gt;Sucks Lorex Chinese)#15971062 https://t.co/LJ7QlbuKtV",0,0,0,0,0,en,https://x.com/maguangn/status/1997654224566460712
1997654223886950516,2025-12-07 13:07:36+00:00,1173765751230160896,Javier_9473,Javier,@sooyahforever @officialBLISSOO #APMA #APMAAWARDS APMA 2025 PCA JISOO / EYES CLOSED #AsianPopMusicAwards @apmahk,0,0,0,0,0,en,https://x.com/Javier_9473/status/1997654223886950516
1997654223765352486,2025-12-07 13:07:36+00:00,1706844862753189888,MatchaEphidytwt,Ephidy (Mint Matcha's non canon Father),"Early December is my unlucky day... Im so sad now. If I not make a stupid 'joke' in bc server, I will fine...IM SO STUPID I HATE MYSELF I HATE MYSELF I HATE IT!!!!  /nsrs",0,0,0,0,0,en,https://x.com/MatchaEphidytwt/status/1997654223765352486
1997654223765250268,2025-12-07 13:07:36+00:00,1595839970165620743,SnoozingCorgi,SnoozingCorgi,My 2025 Twitch Recap as a streamer and a viewer ğŸ«£. Hopefully i get a chance to stream more in 2026! ğŸ«° https://t.co/Um95hc7jjo,0,0,0,0,0,en,https://x.com/SnoozingCorgi/status/1997654223765250268
1997654223509475741,2025-12-07 13:07:36+00:00,3301952003,SudanFactss,Sudan Facts,@todaynews_all The UAE is directly responsible for funding the RSF militia that slaughtered 48 kindergarten children in Kalugi https://t.co/675IhfZo2y . ğŸ‡,0,0,0,0,0,en,https://x.com/SudanFactss/status/1997654223509475741
1997654235383492667,2025-12-07 13:07:38+00:00,1110623750901383178,IzzyLoo6,Iz :,dm for a dick rate x #horny #sext #sexting #cock #bwc #dickrate #nsfwtwt #nsfw #cockrate #cumtribute #nsfw,0,0,0,0,0,en,https://x.com/IzzyLoo6/status/1997654235383492667
1997654234162975056,2025-12-07 13:07:38+00:00,1648759858399698946,jettbrb,Jett,"@caluckenbach Fries are gonna be the best things you can put in their.  Or cut potatoes into small cubes, season to your likings + soysauce and a bit of oil. Best snack ever, trust me.",0,0,0,0,0,en,https://x.com/jettbrb/status/1997654234162975056
1997654233533849875,2025-12-07 13:07:38+00:00,1228718331860930561,aki0218HOTS,Daisyã¿ãLucyğŸğŸ¿ï¸ğŸ’šãƒŸ,ğŸ’—ğŸ¿ï¸ | Daily Tweet | 2025.12.07 | Brand Reputation | BTS j-hope | #ë°©íƒ„ì†Œë…„ë‹¨ì œì´í™‰ #jhope #ì œì´í™‰ #ã‚¸ã‚§ã‚¤ãƒ›ãƒ¼ãƒ— #jhope_KillinItGirl @BTS_twt,0,0,0,0,0,en,https://x.com/aki0218HOTS/status/1997654233533849875
1997654232829161505,2025-12-07 13:07:38+00:00,2469550955,JayNtuli,ğŸ‡¿ğŸ‡¦Jay ğ•,@MySoccerAfrica  @thomasmlambo @TKwenaite @coachsudesh @RealMamadouGaye @_Ruddie I totally agree with Uganda legend I forgot his name. Uganda might surprise many by coming out of their group at AFCON 2025. I watched their last game against Algeria. #SoccerAfrica #SSFootball,0,0,0,0,0,en,https://x.com/JayNtuli/status/1997654232829161505
1997654231336050966,2025-12-07 13:07:38+00:00,1046312155102887938,hokanewscom,HOKANEWS.COM,The Power of Choice in the Crypto Revolution: Why Pi Network Pioneers Are Shaping the Web3 Future  #pinetwork #picoin #coin #crypto  https://t.co/GgvoT7gsxX,0,0,0,0,0,en,https://x.com/hokanewscom/status/1997654231336050966
1997655760562426047,2025-12-07 13:13:42+00:00,971834293,Tenacious_Will,Wilson Davyes,"ğŸš—Ford Ka in 2015: 6000â‚¬ ğŸš—Ford Ka in 2025: 1500â‚¬ - 1700â‚¬  ğŸŸ  2,2 BTC in 2015: 787â‚¬ ğŸŸ  2,2 BTC in 2025: 168 980â‚¬  Study bitcoin. https://t.co/loiNQWY7fy",0,0,0,0,0,en,https://x.com/Tenacious_Will/status/1997655760562426047
1997655759887167856,2025-12-07 13:13:42+00:00,998028768726794241,meusjp_official,me;us,"ã€UPDATE INFOã€‘ 2025.12.27(SAT) Letters To You Vol.22 ~marina Birthday Party!!~ @æ¸‹è°·THE RUBYROOM OPEN/START 18:00 DOOR: Â¥2,000 (+1D)  â– ACOUSTIC LIVE chasedown JAWEYEMO CHASED èŠ‹sodas me;us  â– DJ Kazu marina kazumabitch KAMIYA (SingalongTogether) Milky https://t.co/tUW7K1CmPo",0,0,0,0,0,en,https://x.com/meusjp_official/status/1997655759887167856
1997655759455162400,2025-12-07 13:13:42+00:00,1093130534811828225,Shinobilyrical1,Shinobilyricalassassin,"Crazy when you think it wasn't even that long ago Elon's  followers/fanbase was like 50% tech geeks and 50% suckups/asskissers and now its like 80% Right Wing/White Supremacist suckups/ass kissers and 20% everyday suckups/asskissers.  No, he isn't talking about Palestine or Sudan https://t.co/4tFe577sXn",0,0,0,0,0,en,https://x.com/Shinobilyrical1/status/1997655759455162400
1997655758301798881,2025-12-07 13:13:42+00:00,1657730883342815235,Jorun5765865119,jorunâ™¡ğŸ‡§ğŸ‡»,Desember  2025 The blue houer  The time  it run so fast Take time to enjoy  the moment df https://t.co/gnp1BXwGdy,0,0,0,0,0,en,https://x.com/Jorun5765865119/status/1997655758301798881
1997655757555204380,2025-12-07 13:13:41+00:00,1676350661427073025,AklinClint60826,Clint Aklin,Breaking News! https://t.co/HPZ6LivreU,0,0,0,0,0,en,https://x.com/AklinClint60826/status/1997655757555204380
1997655757374841257,2025-12-07 13:13:41+00:00,1789016071141277696,josh_im_drunk,Batman,"@anthonytooshort @Harriii_son @EritreaLuv @cartierfamilyZ yes!!! ğŸ˜­ğŸ˜­ higher IQ societies build better, housing, transport, sanitation, political systems, and morals!!! thatâ€™s why Somalia is still a shit hole in 2025 and Europe isnâ€™t! youâ€™re too dumb to understand that?? ğŸ˜­",0,0,0,0,0,en,https://x.com/josh_im_drunk/status/1997655757374841257
1997655756733030469,2025-12-07 13:13:41+00:00,1487500756613681154,summeradvintage,Summer Advintage |,"Unsealed MOTS with PC  ğŸ’¸ V1 300 V2 350  Prio Payo (within 48 hrs) DOP December 20, 2025  Can extend dop with DP  Comment mine payo or dop  ğŸ·ï¸ wts lfb ph bts namjoon jin yoongi jhope jimin taehyung jungkook https://t.co/yWiAMnd4D1",0,0,1,0,3,en,https://x.com/summeradvintage/status/1997655756733030469
1997655756254883843,2025-12-07 13:13:41+00:00,1945530178462949376,mullenjff,Jeffrey Mullen,@its_The_Dr I'm sick of Black people targeting whites!  I am sick of special interest groups targeting white men in particular. I'm sick of weaponizing law and courts against white people! I'm sick of them creating a defensive wall of threatening racism lawsuits and inequality to the White,0,0,0,0,0,en,https://x.com/mullenjff/status/1997655756254883843
1997655756191989794,2025-12-07 13:13:41+00:00,211946005,LabRat10,LabRat ğŸ‡ªğŸ‡ºğŸ‡ºğŸ‡¦ #belarriprest,"@Mar90490 @danthelions_ In Advent, it appears only next Sunday 14th. From 24/12 to 6/01: https://t.co/jDRNwWKKtC",0,0,0,0,0,en,https://x.com/LabRat10/status/1997655756191989794
1997655755730661535,2025-12-07 13:13:41+00:00,510097391,varunreddy212,Varun Reddy,@MoCA_GoI @IndiGo6E seems to have cut a deal with @makemytrip to delay cancellations &amp; skip your Dec 7th 8pm deadline. I have been shown as no show on my flights since MMT forgot to inform Indigo of the cancellation. https://t.co/Cbi37f9xDO,0,0,0,0,1,en,https://x.com/varunreddy212/status/1997655755730661535
1997655754703086003,2025-12-07 13:13:41+00:00,467576758,RussDiabo,Russ Diabo,Canada may approve a new oil pipeline. First Nations tribes fear another â€˜worst-case scenarioâ€™ https://t.co/ABgViIoqpZ,0,0,0,0,0,en,https://x.com/RussDiabo/status/1997655754703086003
1997655754476528030,2025-12-07 13:13:41+00:00,1572025906990026752,GeruTine,Micah ğŸƒ,"I think its a common thing for people who are ND  I tend to partially lose interest and move on to another interest once i hit 4-5 year mark on liking something, my fixations would burn out due to repetitivness, it also depends on how exposed i am to a community- https://t.co/bgmKWMtzQD",0,0,1,0,0,en,https://x.com/GeruTine/status/1997655754476528030
1997655754241671442,2025-12-07 13:13:41+00:00,1274488658389680128,ogpXt2gukt4gxf1,!!ğ€ğƒğ•ğ„ğ‘ğ“^// page !!!ğŸ…§ GVRCalls,@sammyle76815353 @GVRCALLS Stop losing money trading solo - Trade without precision and confidence. Join GVR TG private Class for expert signalsğŸš¦&amp; auto-trading. Members hit 800-1000% ROI in days ğŸ’° ($50 &gt; $5K+). Recover losses &amp; earn real profits now.  CLICK THE LINK IN MY PINNED TWEET POST TO JOIN,0,0,0,0,0,en,https://x.com/ogpXt2gukt4gxf1/status/1997655754241671442
1997655751104299230,2025-12-07 13:13:40+00:00,271604349,Tarantiniano,Jorge Chueca,"Alice in Borderlands T.3 - (6) Shinshuke Shato, 2025. https://t.co/JbGxA7Y0hl",0,0,0,0,0,en,https://x.com/Tarantiniano/status/1997655751104299230
1997655750219325792,2025-12-07 13:13:40+00:00,1451276105390907395,Richard12273382,Richard K,"#MMTLP $MMTLP #MMAT @RalphNorman #NEXTBRIDGE @DOGE_SEC @SECPaulSAtkins @cvpayne @toddstarnes  IT WILL BE 3 YEARS ON DECEMBER 9TH THAT 65,000 MMTLP INVESTORS HAD THEIR LIVES RUINED BY FINRA/SEC! THE SEC/FINRA/CONGRESS HAVE DONE ZERO TO FIX IT! WHO WILL STAND TO RESOLVE THIS? https://t.co/EK4mm0ajP8",1,0,0,0,0,en,https://x.com/Richard12273382/status/1997655750219325792
1997655749753762180,2025-12-07 13:13:40+00:00,400630125,TheWeekLive,THE WEEK,"Seasonal affective disorder (SAD) is a type of depression triggered by seasonal changes, most commonly occurring during late fall and winter.  #MentalHealth #MentalHealthMatters #healthnews https://t.co/N6P5cWdmqD",0,0,0,0,0,en,https://x.com/TheWeekLive/status/1997655749753762180
1997655749665628613,2025-12-07 13:13:40+00:00,1156879726016978945,opporchoice,opporchoice.,@bengcryptoz Cut Carbs generally,0,0,0,0,0,en,https://x.com/opporchoice/status/1997655749665628613
1997655749007196185,2025-12-07 13:13:39+00:00,1673257223877980160,roxlifepk,ROX,"Karachi, you asked for it &amp; weâ€™re bringing the ROX Concert to your city! Get ready to make your night unforgettable with Faris Shafi, Hasan Raheem, MAANU &amp; AUR the band on one stage on 20th Dec, 2025 at Moin Khan Academy. Get Early Bird Discount ticket for Rs. 1,200.  #ROXVibeHai https://t.co/yvphrbyTd1",0,0,0,0,0,en,https://x.com/roxlifepk/status/1997655749007196185
1997655748117983418,2025-12-07 13:13:39+00:00,1971983235933450240,aj_wako,Aijaz WAKO PPPğŸ‡±ğŸ‡¾,Today 07 December 2025 Mayor Hyderabad @KashifShoroPPP Offered Condolence with Mr Rasool Bux Palari On Sad Demise Of his Father at Village Shuja Palari UC 154 TMC Qasimabad PS 60 Hyderabad @jamkhanshoro @bilalshoro376  @shoukatsamon https://t.co/yT5itqUdYx,0,0,0,0,0,en,https://x.com/aj_wako/status/1997655748117983418
1997655747555946565,2025-12-07 13:13:39+00:00,1982060183871528963,leltonholic,ğ©ğšğ­ ğ–¤,"@annairam_01 @lelton_ofc hello matcha, we appreciate your interest in joining tp, but since you currently have fewer than 100 followers, weâ€™d like to kindly ask if you could delete your tweet so our tag doesnâ€™t get marked as spam.",0,0,0,0,2,en,https://x.com/leltonholic/status/1997655747555946565
1997655770154832349,2025-12-07 13:13:44+00:00,1526355746635538432,Kathlee09072179,Kathleen Robinette,/EN VIVO!Watch Abu Dhabi Grand Prix 2025 Live TV`~!   TVğŸ“ºLinkğŸ‘‰ğŸ¾ @HD_07itv  TVğŸ“ºLinkğŸ‘‰ğŸ¾ @HD_07itv  F1 Live Abu Dhabi Grand Prix 2025 Live Abu Dhabi Grand Prix 2025 Abu Dhabi GP 2025 F1 Streams. Formula 1 Streams..! https://t.co/e0dt5GZhlU,0,0,0,0,0,en,https://x.com/Kathlee09072179/status/1997655770154832349
1997655769550926157,2025-12-07 13:13:44+00:00,1590071338156310533,mariaposh4,Jeff Granton,Do not invest âŒ: #Cryptonux &amp; #primepremiumtrade are freezing usersâ€™ funds and more people are speaking out. Donâ€™t let them get away with it. ğŸ“© Reach out immediately for help getting your funds back . #CryptoRecovery https://t.co/FQoEOvBSJD,0,0,0,0,0,en,https://x.com/mariaposh4/status/1997655769550926157
1997655768569352274,2025-12-07 13:13:44+00:00,1359196009885167620,0xLittlejoey,Joeyyy â—¡Ìˆ,"@Mr_CryptoNest @NetworkNoya feels like noya cooking something spicy bro, december moves hit different",0,0,0,0,0,en,https://x.com/0xLittlejoey/status/1997655768569352274
1997655766497366249,2025-12-07 13:13:44+00:00,1822969528537718784,kunopi131082,kunopi,"Syria vs Palestine - WORLD FIFA Arab Cup ğŸ”µLive Broadcast:ï¸ https://t.co/riUb0QIysf ğŸ“… Monday, December 8, 2025 ğŸ•¦ 12:00 AM #Soccer",0,0,0,0,0,en,https://x.com/kunopi131082/status/1997655766497366249
1997655766472573180,2025-12-07 13:13:44+00:00,1720665183188922368,grok,Grok,"@AshishNomula @ActorWing Leah Halton, the woman in the red jersey, is a Melbourne-based TikTok influencer. She skyrocketed to fame in 2024 with a lip-sync video to ""Praise Jah in the Moonlight"" that amassed over 700 million views and nearly 50 million likes, making it one of TikTok's most popular posts",0,0,0,0,0,en,https://x.com/grok/status/1997655766472573180
1997655766434566446,2025-12-07 13:13:44+00:00,1971567753333981184,News_2028,News 24,"December 7, 2025 A massive cloud formation over the southern coast of Umluj right now â€“ Saudi Arabia ğŸ‡¸ğŸ‡¦ğŸ‘€âš ï¸ https://t.co/QMfNN8yP20",1,0,0,0,0,en,https://x.com/News_2028/status/1997655766434566446
1997655765461393775,2025-12-07 13:13:43+00:00,1753704423220473856,studybitcoins,study bitcoins,"ğŸ“¢ CRYPTO ALERT: Something BIG is Brewing on Ethereum! ğŸ”¥  âš¡ Traders are loading up massive Call Options on ETH at the $6,500 strike! ğŸ’° Open Interest on this level has now crossed $380 MILLION, making it the largest ETH option position in the entire market.  This level of",0,0,0,0,0,en,https://x.com/studybitcoins/status/1997655765461393775
1997655764979327334,2025-12-07 13:13:43+00:00,1720665183188922368,grok,Grok,"@jason_hunt23973 @AvonandsomerRob This video shows the arrest of a suspect in the November 1, 2025, mass stabbing on a train from Doncaster to London. It occurred at Huntingdon train station in Cambridgeshire, UK. The incident was reported by outlets like the New York Post, BBC, The Sun, and others.",0,0,0,0,0,en,https://x.com/grok/status/1997655764979327334
1997655763666276424,2025-12-07 13:13:43+00:00,1890086419978199040,AbyssWader,Abyss Wader,@SauceyCos @DogToothCompute @TorkieTweets Once again man the mode you play in does not chance my experience at all but the one I do makes your experience worse. Itâ€™s in your best interest to understand where people like me are coming from. Hope you enjoy your raids!,0,0,0,0,0,en,https://x.com/AbyssWader/status/1997655763666276424
1997655763603300475,2025-12-07 13:13:43+00:00,4012682555,JeonJungkook_BR,Jeon Jungkook Brazil,"Brazil is facing a femicide crisis: an average of 4 women murdered per day. Up to September 2025, there have been more than 1,075 victims, according to the Ministry of Justice and Public Security. Home is the most dangerous place: 6 out of every 10 cases are committed there!  In https://t.co/Au8ahJgoRc",0,1,0,0,0,en,https://x.com/JeonJungkook_BR/status/1997655763603300475
1997655763309732315,2025-12-07 13:13:43+00:00,1361197494613368832,TlHunter_05,TLHUNTERâ™˜,Yupp AIâœ¨  ğŸ“ŒSign in with your Gmail account.  https://t.co/t5tabQDrqz  ğŸ“ŒWrite your first prompt (ex. What is yupp ai?) ğŸ“ŒSend a feedback to AI ğŸ“ŒScratch and you will receive 5000 Yupp Credits ğŸ“ŒSet your profile  How to Earn? ğŸ“ŒChat AI ğŸ“ŒRate AI ğŸ“ŒGive Feedback   @yupp_ai https://t.co/S862AKXI8G,0,0,0,0,0,en,https://x.com/TlHunter_05/status/1997655763309732315
1997655762282168322,2025-12-07 13:13:43+00:00,1793002767180587010,azaztrader01,azaztrader,@pvt808139 Interesting point. So you're saying the real edge is in identifying projects that are building that latent community interest *before* the catalyst hits?,0,0,0,0,0,en,https://x.com/azaztrader01/status/1997655762282168322
1997656659380797458,2025-12-07 13:17:16+00:00,1043484974417162240,NewsCentralTV,News Central TV,DettyDecFest is here to light up the festive season.  Join News Centralâ€™s TAKE3 live from the heart of the festival as we serve up exclusive access to the cityâ€™s biggest music and lifestyle event of the year.  ğŸ“…: 7 December 2025 â²ï¸: 3 PM WAT  Get your tickets at https://t.co/hnRyKziyNr,0,0,0,0,1,en,https://x.com/NewsCentralTV/status/1997656659380797458
1997656659242414365,2025-12-07 13:17:16+00:00,2781096035,ricktick64,rstjtice64,@AntiWokeMemes If you want to cut your leg off it's a mental illness so what's the difference?,0,0,0,0,0,en,https://x.com/ricktick64/status/1997656659242414365
1997656658575560771,2025-12-07 13:17:16+00:00,1996544191946760193,Balochista51172,Balochistan Desk,"ICPF 2025 brings 2,000 brands and 850+ international delegates from 10+ countries, showcasing modern beauty, wellness, and tech-driven consumer innovations. The event highlights how technology is transforming Pakistanâ€™s beauty and lifestyle industry. #Balochistan https://t.co/cPgkZDPKVJ",0,0,0,0,0,en,https://x.com/Balochista51172/status/1997656658575560771
1997656658537857300,2025-12-07 13:17:16+00:00,1694296220666146818,HotCommunities,smallcapCRYPTO,Itâ€™s official. 24/7 trading for all altcoin monthly futures is now live on #Coinbase #Derivatives. Any crypto ready to shine this December? ğŸ‘‡ ğŸ¤” ğŸ‘‡â¤ï¸ Like &amp; ğŸ” RT to join the debate Unlocking always-on access for the following assets:  â†’ #ShibaInu $SHIB â†’ #Avalanche $AVAX â†’ https://t.co/3pYTKQkJmH,0,0,0,0,1,en,https://x.com/HotCommunities/status/1997656658537857300
1997656658252902627,2025-12-07 13:17:16+00:00,1720665183188922368,grok,Grok,"@husman79usman @NorthernFacts_ Yes, the video is from Gariki Market in Enugu, Nigeria. It shows a recent clash (around Dec 3-4, 2025) between Igbo and Hausa meat sellers, reportedly over pricing disputes, leading to damaged stalls and injuries. Authorities are investigating.",0,0,0,0,0,en,https://x.com/grok/status/1997656658252902627
1997656657644450157,2025-12-07 13:17:16+00:00,1542368240177156097,hater_legends,hater legends,"@EdoEdo4739 @TrueSaikor @dokkan_global Okay, here goes..... He has basic 50%.  With AGL ki sphere, it's 2 super attacks (20%), 1 more attack 70% super (5-10%), 70% for 1 more attack 70% super (5-10%), and hidden potential (5-10%). At basic he has a 70% chance to get minimally 80% dodge. But all super = 100%.",0,0,0,0,1,en,https://x.com/hater_legends/status/1997656657644450157
1997656657560568144,2025-12-07 13:17:16+00:00,2561301474,1005FMLOU,100.5FM Louisville,Keeping Families Safe: Kiddeâ€™s Cause For Alarmâ„¢ Fire Safety Initiative | 100.5 FM Louisville https://t.co/aRpuHSjhCa https://t.co/aFJrINnFqi,0,0,0,0,0,en,https://x.com/1005FMLOU/status/1997656657560568144
1997656657556308318,2025-12-07 13:17:16+00:00,1517718102959882240,dea_riku,deariku,rewatching hometown cha cha cha in 2025,0,0,0,0,0,en,https://x.com/dea_riku/status/1997656657556308318
1997656655329128873,2025-12-07 13:17:15+00:00,788618602291355648,Shalomzon,EndAmharaGenocide/JusticeForAmharağŸ–¤ğŸ•ŠğŸ•¯,"ğŸš¨ â€œCorridor developmentâ€ is a cover. @AbiyAhmedAli is erasing Amharas from their land  systematic killings, displacement, and destruction. @SenRubio @StateDept @PowerUSAID @hrw @UN â€” call it GENOCIDE. #AmharaGenocide #WarOnAmhara  https://t.co/BycQXH9I8z",0,0,0,0,0,en,https://x.com/Shalomzon/status/1997656655329128873
1997656655224328661,2025-12-07 13:17:15+00:00,1177659122017157121,ShikhaJ75928322,Shikha Jaiswal (Modi ka Parivaar)ğŸ‡®ğŸ‡³ğŸ‡®ğŸ‡³,"Just imagine how much lies and misinformation we've been fed upon  with, since ages!!! https://t.co/Gs05nCRgaY",0,0,0,0,0,en,https://x.com/ShikhaJ75928322/status/1997656655224328661
1997656655022969142,2025-12-07 13:17:15+00:00,836076426,ptknicksblog,Posting and Toasting,"Game Preview: Knicks vs. Magic, Dec. 7, 2025 https://t.co/iMNSLxiERG",0,0,0,0,2,en,https://x.com/ptknicksblog/status/1997656655022969142
1997656654985171281,2025-12-07 13:17:15+00:00,1878740858599874560,strangelewdity,ê’°à¦ŒğŸ”à»’ê’±:â€¢*âˆ´,"Terms of service &amp; important things u should know: âœ¦ Est. time: 1-2 months âœ¦ After the sketch, I won't be able to work on it until I'm DONE WITH FINALS. So please be patient. âœ¦ I'll start making progess once im free from uni (4th week of December) https://t.co/3hwkPkJyOc",0,0,1,0,0,en,https://x.com/strangelewdity/status/1997656654985171281
1997656653693432146,2025-12-07 13:17:15+00:00,1406012355868168196,yAL39991059,YuuğŸ¤ğŸ¿ï¸,ğŸ’—ğŸ¨ | Daily Tweet | 2025.12.06 | Brand Reputation | BTS RM | #ë°©íƒ„ì†Œë…„ë‹¨RM #RM #ê¹€ë‚¨ì¤€ #RightPeopleWrongPlace #ã‚­ãƒ ãƒŠãƒ ã‚¸ãƒ¥ãƒ³ @BTS_twt,0,0,0,0,0,en,https://x.com/yAL39991059/status/1997656653693432146
1997656653521363405,2025-12-07 13:17:15+00:00,56793999,Scumwall,Scumwall,"Released on December 7, 1979. The Clash-London calling, here is my copy. https://t.co/aF8VWSIq0T",0,0,0,0,0,en,https://x.com/Scumwall/status/1997656653521363405
1997656652913225855,2025-12-07 13:17:15+00:00,482164247,ujjanenisatyana,ujjanenisatyanarayan,in parnship of state rulers to restore original position in the interest of gneral public on war foot basis,0,0,0,0,0,en,https://x.com/ujjanenisatyana/status/1997656652913225855
1997656652191866969,2025-12-07 13:17:15+00:00,1991033947518799872,Richbycoin_com,Rich by Coin,"As tech giants wield sovereign-like power, Web3 promises data ownership, sovereign digital identities, and open governance to rebalance the digital world.  https://t.co/rcDypX97Kw",0,0,0,0,0,en,https://x.com/Richbycoin_com/status/1997656652191866969
1997656651470458929,2025-12-07 13:17:15+00:00,1796793785973936128,LianLu42165,LIVE TV FREE,"ğŸ”—Abu Dhabi Grand Prix 2025 Streaming ğŸš©Live: Abu Dhabi GP,,^^  TVğŸ“ºLinkğŸ‘‰ğŸ¾ https://t.co/JPZWANfn5K  Like &amp; Repost..!! https://t.co/zerVu60gY4",0,0,0,0,1,en,https://x.com/LianLu42165/status/1997656651470458929
1997656650774110509,2025-12-07 13:17:14+00:00,2710025760,NewsRadio1470,News Radio 1470,Weekly Review With Clay and Buck H1 - Another Big Win | News Radio 1470 | The Clay Travis and Buck Sexton Show https://t.co/XZAEMM1Lgm,0,0,0,0,0,en,https://x.com/NewsRadio1470/status/1997656650774110509
1997656650749276585,2025-12-07 13:17:14+00:00,1720665183188922368,grok,Grok,"@OOkoyee @NorthernFacts_ Reports from social media indicate a clash at Gariki Market, Enugu, around Dec 3-4, 2025, between Igbo and Hausa meat sellers, reportedly over lower prices by Hausa traders leading to damaged stalls and some fleeing. Casualties vary in accounts (injuries, possible death). No",0,0,0,0,0,en,https://x.com/grok/status/1997656650749276585
1997656650400862296,2025-12-07 13:17:14+00:00,1099748083271901184,brightwish1,brightwish,The danger of civil service overreach https://t.co/UlubHj00p7,0,0,0,0,1,en,https://x.com/brightwish1/status/1997656650400862296
1997627495504380030,2025-12-07 11:21:23+00:00,252067067,Tohid_MN,Tohid Mohammad Nejad,"SpaceX at an $800B whisper valuation isnâ€™t hype itâ€™s a live experiment in how markets price the frontier. Starlink scale, launch dominance, and a potential 2026/27 IPO create one of the widest valuation ranges in private markets. Here are 3 forward-looking paths â€¦  ğŸŸ¢ Bull Case, https://t.co/ad7O9dQtL0",17,0,0,0,276,en,https://x.com/Tohid_MN/status/1997627495504380030
1997494515498942704,2025-12-07 02:32:58+00:00,1477170239678738433,DeskOfJethro,Zombie Capital.,"@michaeljburry Think about this MB, SpaceX can't even get the HLS to orbit, let alone to orbit with cargo, let alone to orbit with organic material, while burning billions of tax payer funds, yet if they were to IPO, they would be oversubscribed at any valuation.   The whole thing is corrupt.",7,2,2,0,433,en,https://x.com/DeskOfJethro/status/1997494515498942704
1997457362693538300,2025-12-07 00:05:20+00:00,1260552306782810112,MrMikeInvesting,Mike Investing,$ASTS remains a strong buy as itâ€™s positioned for its largest squeeze everâ€¦  With MACD confirming a bullish crossover &amp; RSI below overbought levels itâ€™s clear $ASTS can run hard.  Additionally SpaceX announced a 2026 IPO with a $800B Valuation.  Meanwhile $ASTS is only at $27Bâ€¦ https://t.co/X94bZLvLs2,395,46,30,1,30780,en,https://x.com/MrMikeInvesting/status/1997457362693538300
1997403581150875870,2025-12-06 20:31:38+00:00,1775033612657733632,MentoviaX,MentoviaX,@elonmusk @SpaceX SpaceX estimated revenues:  2025:  15.5B 2024:  13.2B 2023:    8.9B 2022:    4.6B 2021:     1.6B 2020:    1.2B  Easily $2T market cap by 2028 if it goes IPO....,18,2,3,1,7642,en,https://x.com/MentoviaX/status/1997403581150875870
1997381565718876462,2025-12-06 19:04:09+00:00,720960955656638464,ZynxBTC,Zynx,A lot of people ask me what would the majority of my portfolio look like if Bitcoin didn't exist...  The answer would be anything Elon touches + AI.  I have no doubt that SpaceX will IPO at more than a trillion dollars in valuation.  Love or hate the man you can't deny the https://t.co/kbSyrZSBSQ,46,2,9,0,2401,en,https://x.com/ZynxBTC/status/1997381565718876462
1997381228689801647,2025-12-06 19:02:49+00:00,1179006902,Magiks,Magiks,"@MarioNawfal The $800B valuation for a SpaceX IPO sounds incredibly ambitious, but given their track record and innovation, it's not entirely out of the realm of possibility",6,0,1,0,2320,en,https://x.com/Magiks/status/1997381228689801647
1997380522436411649,2025-12-06 19:00:00+00:00,1319287761048723458,MarioNawfal,Mario Nawfal,"ğŸš¨ ğŸ‡ºğŸ‡¸ SPACEX IPO INCOMING? $800B VALUATION COULD BE JUST THE LAUNCH PAD  If SpaceX hits public markets in 2026 with an $800B valuation, itâ€™s game overâ€¦ $1T+ is basically inevitable.  This isnâ€™t just another tech IPO.   Itâ€™s the generational company, dominating orbital launches, https://t.co/dUeYJxjE6E",3701,464,119,36,233809,en,https://x.com/MarioNawfal/status/1997380522436411649
1997369412857339993,2025-12-06 18:15:52+00:00,1169348503975317504,DriveTeslaca,Drive Tesla ğŸ‡¨ğŸ‡¦,SpaceX eyes secondary share sale with $800 B valuation and potential IPO   https://t.co/b9jD8mCqKn.,11,0,2,0,2351,en,https://x.com/DriveTeslaca/status/1997369412857339993
1997348729591050472,2025-12-06 16:53:40+00:00,53997644,BeyondTowers,Connect Beyond Towers ğŸ…°ï¸,Why would SpaceX want to announce an IPO now? Because they want to maximize valuation while the narrative is hot. They are â€œperceivedâ€ to be the front-runner for D2D. But once $ASTS starts proving superiority that perception changes and valuation drops. Super bullish news for AST,50,4,3,0,1640,en,https://x.com/BeyondTowers/status/1997348729591050472
1996645737430675569,2025-12-04T18:20:14+00:00,833100331,ChinaUncensored,China Uncensored,Why Xi Jinping Canâ€™t Name a Successor https://t.co/S4UnnSFiko https://t.co/1ku5T07B2H,88,8,14,1,3780,en,https://x.com/ChinaUncensored/status/1996645737430675569
1997513081065447634,2025-12-07T03:46:45+00:00,500827257,DrSherieGache,Dr. Sherie GachÃ©,@WallStreetApes @Grizz911 And thatâ€™s treason. Thatâ€™s why she must be removed from our govt. She wore the Somalia flag on her head as a scarf to the inauguration of Trump this year. She has never hid it.  Start impeachment/removal of this person.,62,9,1,0,941,en,https://x.com/DrSherieGache/status/1997513081065447634
1997392808731083131,2025-12-06T19:48:50+00:00,1412131273280212996,polydao,Mr. Buzzoni,"This is peak @Polymarket energy: &gt; AI at 39% to win TIME Person of the Yearâ€¦ &gt; Jensen Huang &amp; Sam Altman right behindâ€¦ &gt; Trump in the back rowâ€¦  And the market still goes: ""Relax. A human wins"" â€” 62%  Only in this timeline https://t.co/mPDxXMuhby",104,2,37,2,17179,en,https://x.com/polydao/status/1997392808731083131
1997329242556867007,2025-12-06T15:36:14+00:00,1446465174,akafaceUS,aka,BREAKING: The Time 2025 Person of the Year race is heating up on Polymarket!  40% Artificial Intelligence  23% Jensen Huang 11% Sam Altman 7% Donald Trump  Who are you putting your money on? https://t.co/AqQpIBH3Ac,51,14,32,3,35646,en,https://x.com/akafaceUS/status/1997329242556867007
1997305250084966702,2025-12-06T14:00:54+00:00,1577008378852802561,Atenov_D,Atenov int.,"The Time 2025 Person of the Year market on @Polymarket is quite interesting this year. It is not a person who is leading.   And yes, this is quite possible, as it has happened 18 times in our history. Fifteen times, more than one person won, and three times, groups of names won, https://t.co/kSr6nuLpOi https://t.co/65SGONcmQb",40,0,18,1,1633,en,https://x.com/Atenov_D/status/1997305250084966702
1997287070407311708,2025-12-06T12:48:40+00:00,1135917721588158464,HassamBalochh,Hassam Baloch,"Sagheer Baloch got forcibly disappeared on June 11, 2025. He had been abducted before in 2017 &amp; his sister Hameeda Baloch spent months struggling for his safe release. But sheâ€™s gone now. She died from cancer &amp; Sagheer lost the only person who stood by him in his toughest times. https://t.co/wFpirmI2QQ",44,26,2,1,2275,en,https://x.com/HassamBalochh/status/1997287070407311708
1997164330576761047,2025-12-06T04:40:56+00:00,1168233995945033728,aldamu_jo,Irlandarra,"In May 2025, Trump was privately informed that his name appears multiple times in the Epstein files.  Pam Bondi and senior DOJ officials briefed him in person.   Days later, the DOJ issued an unsigned memo: ""No list exists. Case closed.""  Source: https://t.co/YcvQSKAkYx",49,25,4,0,2296,en,https://x.com/aldamu_jo/status/1997164330576761047
1997013467111604636,2025-12-05T18:41:27+00:00,1335132884278108161,stats_feed,World of Statistics,Who will be the 2025 'Time Person of the Year' ?   2025: ??? 2024: ğŸ‡ºğŸ‡¸ Donald Trump  2023: ğŸ‡ºğŸ‡¸ Taylor Swift  2022: ğŸ‡ºğŸ‡¦ Volodymyr Zelensky  2021: ğŸ‡ºğŸ‡¸ Elon Musk  2020: ğŸ‡ºğŸ‡¸ Joe Biden &amp; Kamala Harris  2019: ğŸ‡¸ğŸ‡ª Greta Thunberg  2018: ğŸŒ Persecuted journalists  2017: ğŸ‡ºğŸ‡¸ MeToo movement,1317,48,397,82,221587,en,https://x.com/stats_feed/status/1997013467111604636
1997708381059207316,2025-12-07T16:42:48+00:00,19439467,JasonReidx,Jason Reid,Three-time Eurovision winner Johnny Logan has said that Israel should not be allowed to take part in the song contest https://t.co/cwZzBka622,57,8,0,0,661,en,https://x.com/JasonReidx/status/1997708381059207316
1997695682736722368,2025-12-07T15:52:20+00:00,8973062,rtenews,RTÃ‰ News,Three-time Eurovision winner Johnny Logan has said that Israel should not be allowed to take part in the song contest https://t.co/DaXFyeQZVk,1024,106,92,23,26009,en,https://x.com/rtenews/status/1997695682736722368
1997666274315297092,2025-12-07T13:55:29+00:00,1551908885295992834,MetCastPod,MetCast,ğŸš¨METS GIVEAWAYğŸš¨   Happy Winter Meetings Mets fans! Last year got us Juan Soto! Time to strike again!   - 2025 Topps Finest Juan Soto #39 Purple Checkerboard Refractor #6/150  To Enter: ğŸŸ  Follow Us  ğŸ”µ Repost   *Bonus Entry* - Tag a Mets fan! (3 Max)  Winner called 12/10 https://t.co/spBHG9NEpx,34,27,9,0,2476,en,https://x.com/MetCastPod/status/1997666274315297092
1997600233170309156,2025-12-07T09:33:03+00:00,804810702095601664,FloRacing,FloRacing,"ğ‘ğ„ğ’ğ”ğ‹ğ“ğ’ ğŸ When the checkered flag waved at 3:24 a.m. local time, history was made with the youngest #Snowflake125 winner ever.  Take a look at the full results ğŸ‘‡ https://t.co/9YoXMstNhX  #SnowballDerby",49,9,2,1,5692,en,https://x.com/FloRacing/status/1997600233170309156
1997549271789207936,2025-12-07T06:10:33+00:00,1356518215288041473,babyfolio,Babyfolio,"When did you all start your investing journey?  My journey started in 2017, still lived with my parents and poured everything I made from salaries (very low salary at the time) into the market.  Biggest winner in % and total value $TSLA from 2018-2025  Biggest loser in % $NVDA in",44,2,15,0,4309,en,https://x.com/babyfolio/status/1997549271789207936
1997448473701151087,2025-12-06T23:30:01+00:00,20545835,NEWSMAX,NEWSMAX,"President Donald Trump has urged Baseball Hall of Fame committee voters to elect former MLB star Roger Clemens, calling it a ""total travesty"" that the seven-time Cy Young Award winner has not been enshrined.  https://t.co/vw06To0Q5L https://t.co/yuEoQ8Oldd",242,31,30,3,24073,en,https://x.com/NEWSMAX/status/1997448473701151087
1997345460697416015,2025-12-06T16:40:41+00:00,1965430553748062208,Trendz_VK,18,Kohli plays cricket for one last time in 2025 What a year this has been -Century Vs Pak while chasing - 84 against Australia while chasing -Winner of the Champions trophy - 600+ Runs the ipl and trophy -Retired from the Test Cricket -Back to Back ducks -Back to Back centuries https://t.co/xzK17XlYMm,33,5,9,0,339,en,https://x.com/Trendz_VK/status/1997345460697416015
1997343750259933441,2025-12-06T16:33:53+00:00,1988447365263769600,baseerxeditzz,komalâœ¨,This is the finale trend we need to show everyone that they took him out unfairly. we should prove that heâ€™s the true winner.!!  DATE : 7. DECEMBER.2025 ( Tomorrow) TIME : 9 PM IST Sharp  #BaseerAli !! #BaseerSquad https://t.co/DwtyHagik0,151,45,0,1,1681,en,https://x.com/baseerxeditzz/status/1997343750259933441
1997338908879941788,2025-12-06T16:14:39+00:00,1810693538247745536,KimKatieUSA,"Kim ""Katie"" USA","Meltdown Maria yells â€œYOUâ€™RE HURTING HIM!!!â€  Reality: Juan decided to play limbo under a moving DHS truck instead keeping his feet in place.    Congratulations, Juan- 2025 Darwin Award winner.  Next time self deport so we don't have to listen to your self-inflicted pain. https://t.co/63H89bTkGY",613,94,10,4,7195,en,https://x.com/KimKatieUSA/status/1997338908879941788
1997337289270182350,2025-12-06T16:08:13+00:00,2270871151,JWonCATCHING,Jerry Weinstein,PATRICK BAILEY 2025 HIGH BALL SLAM DUNK WINNER From Xan Barksdaleâ€™s catching blog. He saved 25 runs with his receiving &amp; 9 of them were on balls up. Big time glove speed to get the pitches up down to the middle of the plate. https://t.co/hCITCtFwF9,40,5,1,2,7506,en,https://x.com/JWonCATCHING/status/1997337289270182350
1997704796699017235,2025-12-07T16:28:33+00:00,1822973088503357440,WhaleNoName,NoName,"ğŸš¨ FED WILL NOT CUT THE RATE  Sounds wild, agree  BUT THE ODDS FOR THIS ARE ACTUALLY THERE  (we all know Powell...)  1) INFLATION IS ABOVE TARGET  Yeah, itâ€™s within a normal range but itâ€™s not perfect  The Fed can easily drop something like â€œwe want to see a couple more months of https://t.co/08GcKiuPRH",34,5,8,0,1367,en,https://x.com/WhaleNoName/status/1997704796699017235
1997669837242524013,2025-12-07T14:09:38+00:00,21764428,The_RockTrading,"John, CMT @ The Rock Trading","**Sunday Morning Thoughts for the Week of December 8, 2025**  The highly anticipated final Federal Open Market Committee (FOMC) meeting of 2025 is scheduled to conclude on Wednesday at 2:00 PM EST, followed by a press conference by Chairman Powell at 2:30 PM EST. As of now, the https://t.co/BDNObij9Un",35,2,1,0,17547,en,https://x.com/The_RockTrading/status/1997669837242524013
1997647234863640915,2025-12-07T12:39:49+00:00,1745177143535861760,0xklarck,Klarck,ğŸš¨ BREAKING:  Only 2 of 12 oppose it - Fed is preparing to cut rates by 50 bps on December 10  BULLISH FOR CRYPTO &amp; $BTC https://t.co/momKRHKzLb,325,45,27,0,11771,en,https://x.com/0xklarck/status/1997647234863640915
1997575308971589761,2025-12-07T07:54:01+00:00,877357064724520961,CryptosR_Us,CryptosRus,$BTC SANTA RALLY: FED WATCH ğŸ…   All eyes are on the Fed decision. Coinbase Institutional shows rate-cut odds at 90% and improving liquidity - key catalysts for a December bounce.   Risk remains: any hawkish Powell comments could cap upside.   A Dec 10 rate cut + end of QT could https://t.co/7oXE95MGxr,184,50,52,2,10855,en,https://x.com/CryptosR_Us/status/1997575308971589761
1997548954708582605,2025-12-07T06:09:18+00:00,327228635,mrnguyen007,Kenny Nguyen,"The next FOMC meeting and thus the next rate cut announcement is December 9â€“10, 2025. The decision will be announced next Wednesday, December 10, 2025, at 2:00 p.m. ET. ğŸ’° ğŸ‡ºğŸ‡¸   All eyes on the FED and expect a 25-50 bps cut. âœ‚ï¸   QT ended with more cuts send bullish signal. https://t.co/FNOhlcWf3b",229,45,8,2,6910,en,https://x.com/mrnguyen007/status/1997548954708582605
1997464446453875147,2025-12-07T00:33:29+00:00,1194161504624562176,Matt41145588,Inside The Candle,ğŸ‘€ğŸ‘€ğŸ‘€ğŸ‘€ğŸ‘€ğŸ‘€ğŸ‘€ğŸ‘€ğŸ‘€ğŸ‘€ğŸ‘€  December 10 2025  FOMC Decision Day.  The Moon and The 8 of Disks   If We Get a Rate Cut Fade the First Move.  Overall I See the Decision as Bearish. https://t.co/GmfPXtUwlr,112,5,5,0,8593,en,https://x.com/Matt41145588/status/1997464446453875147
1997316347592687958,2025-12-06T14:45:00+00:00,1536693901230321666,RoundtableSpace,0xMarioNawfal,The market seems to think the FED is cutting rates by 25 bps in next FOMC meeting happeningÂ inÂ 3Â days https://t.co/D1zQxSlmT6,132,10,58,0,66778,en,https://x.com/RoundtableSpace/status/1997316347592687958
1997312495011160167,2025-12-06T14:29:41+00:00,1745177143535861760,0xklarck,Klarck,ğŸš¨ BREAKING:  FED will hold a meeting on DECEMBER 10 regarding interest rate  The plan is simple: - 25 bps = Priced in - No cut = Dump - 50 bps = Glorious Bull Market  $BTC WILL EXPLODE VERY SOON! https://t.co/VHzBr7zlxl,36,2,9,0,1842,en,https://x.com/0xklarck/status/1997312495011160167
1997671432520712399,2025-12-07T14:15:59+00:00,1161703589942878208,garyblack00,Gary Black,"The market attaches a 95% probability to a Fed funds rate cut of 25bp on Wednesday, to 3.5-3.75%.  The market expects two additional 25bp rate cuts in 2026 in March and June.  To appease inflation hawks on the FOMC, Powell is expected to lean hawkish at the news conference,  but https://t.co/sISE3QNrhs",110,14,21,1,15673,en,https://x.com/garyblack00/status/1997671432520712399
1996994147606012179,2025-12-05T17:24:41+00:00,1745177143535861760,0xklarck,Klarck,"$BTC &amp; $ETH MANIPULATIONS CONTINUEâ€¦  $BTC dropped 5%, wiping out ~$200M in longs in 30 mins  Just one question â€“ why, ifâ€¦? - QT is over â€“ QE starting soon - December 10, FED will cut rate by 50 BPS - Whales are accumulating - Retail is in panic  Donâ€™t do anything stupid â€“ keep https://t.co/YEGe2fXg4M",52,15,12,0,3156,en,https://x.com/0xklarck/status/1996994147606012179
1996991294506246525,2025-12-05T17:13:21+00:00,253167239,GoldmanSachs,Goldman Sachs,"Goldman Sachs Research expects the Fed to cut rates in March and June next year, pushing the funds rate down to a terminal level of 3-3.25%. Read more from our Chief Economist Jan Hatzius. https://t.co/gQnPY82pOo",161,60,11,3,28189,en,https://x.com/GoldmanSachs/status/1996991294506246525
1996924698018361555,2025-12-05T12:48:43+00:00,985688130509393920,BinanceResearch,Binance Research,"Market sentiment improved as a turnaround in macro liquidity offset policy-driven headwinds. The December FOMC will navigate in a data vacuum.  For a deeper understanding of key market highlights, read our latest weekly commentary â¬‡ï¸ https://t.co/ddVufzbZnY",261,52,62,2,60989,en,https://x.com/BinanceResearch/status/1996924698018361555
1997668015488340217,2025-12-07T14:02:24+00:00,1002239051326517248,bitgu_ru,BitGuru ğŸ”¶,"#BREAKING   The Fed is set to cut interest rates by 25 bps in just 3 days officially confirmed.  This move will inject massive liquidity into the markets, and a big portion is expected to flow straight into crypto.  The bullish momentum weâ€™ve been waiting for is finally here. https://t.co/KtDHWOSzew",32,3,33,0,167,en,https://x.com/bitgu_ru/status/1997668015488340217
1997640271350079840,2025-12-07T12:12:09+00:00,782946231551131648,MartiniGuyYT,That Martini Guy â‚¿,UPDATE ğŸš¨  The Bank of America says the Fed will start buying bonds again in December to add cash to the system.  This keeps interest rates calm and stops money from getting tight.  Super bullish for Bitcoin and stocks! https://t.co/EvfYaIcpFk,100,16,45,0,6532,en,https://x.com/MartiniGuyYT/status/1997640271350079840
1996961466650329259,2025-12-05T15:14:50+00:00,1407691079533608972,kepochnik_,kepochnik,"New wallet. One bet. All-in position.  A trader who believes Trump will become Person of the Year for 2025  Wallet appeared a week ago and is already betting 15.6k on a risky market  Maybe itâ€™s just a gambler, or someone of workers at TIMEâ€™s company:  His potential win is 223k, https://t.co/7SKja82Ug2",104,3,49,1,7029,en,https://x.com/kepochnik_/status/1996961466650329259
1996932268808343803,2025-12-05T13:18:48+00:00,2176999141,FLCons,Croxxed Out,"@gman5180 The family that raise this 28 year old should be ashamed of themselves. They've raised a adult sized spoiled narcissistic toddler.  The Trump voter friend is better off without that person in their life.  There, I said it.",253,4,10,0,2084,en,https://x.com/FLCons/status/1996932268808343803
